family,country,currency,tender_id,buyer,title,value,bidders,procedure,rn
CLEANING_CONSUMABLE_SUPPLY,BE,,bel_dcb574de5e40a51682ab0c98,Centre Hospitalier Universitaire de Liège,FOURNITURE DE PRODUITS LESSIVIELS ET DE PRODUITS D’ENTRETIEN POUR LES CUISINES DU CHU DE LIÈGE POUR UNE DURÉE DE 4 ANS   (MARCHÉ STRUCTURÉ EN 2 LOTS),,,,1
CLEANING_CONSUMABLE_SUPPLY,BE,,bel_819a7980dc7838c73a7eada4,Association Intercommunale de Soins et d'Hospitalisation,Fourniture de produits d’entretien et lessiviels pour les cuisines et location de matériel connexe.,,,,2
CLEANING_CONSUMABLE_SUPPLY,BE,,bel_500e04ab224b4538f8be9bfd,Chapelle-Lez-Herlaimont,Accord-cadre - Achat de produits d'entretien et de matériel d'entretien,,,,3
CLEANING_CONSUMABLE_SUPPLY,BE,,bel_7c6b774a7c40d3c72730fab2,Commune d'Amay,Marché annuel 2026-2029 - Produits d'entretien,,,,4
CLEANING_CONSUMABLE_SUPPLY,BE,,bel_8f25d8a722b25b268eba99d0,La Louvière,Accord-cadre relatif à la fourniture de produits d'entretien et petit matériel (Ville),,,,5
CLEANING_CONSUMABLE_SUPPLY,BE,,bel_d67e0ac5d8d2574bd6f5ac96,Service achats,"Accord cadre pour la fourniture de bandeaux de lavage , lavettes , produits d'entretien et petit matériel .",,,,6
CLEANING_CONSUMABLE_SUPPLY,BE,,bel_6f372e83629a4208b8323bee,Centre Hospitalier Peltzer-La Tourelle,Marché de fourniture relatif à la fourniture de matériel et de produits d’entretien,,,,7
CLEANING_CONSUMABLE_SUPPLY,BE,,bel_a10300f64bbe8b84e1488c53,Centre Hospitalier Universitaire de Liège,FOURNITURE DE PRODUITS LESSIVIELS ET DE PRODUITS D’ENTRETIEN POUR LES CUISINES DU CHU DE LIÈGE POUR UNE DURÉE DE 4 ANS (MARCHÉ STRUCTURÉ EN 2 LOTS),,,,8
CLEANING_CONSUMABLE_SUPPLY,BE,,bel_d3fd51b8dda3742a753a9b1c,CPAS de Quaregnon,Accord-cadre pour la fourniture de matériel et de produits d'entretien,,,,9
CLEANING_CONSUMABLE_SUPPLY,BE,,bel_56ea5968d203ddc60612d8f6,Régie Communale Autonome de Charleroi,"Conduite des installations techniques, fourniture des produits d'entretien, de traitement et de filtration des eaux de la piscine du centre sportif Yernaux et des eaux sanitaires et garantie totale de toutes les installations techniques de la piscine, y compris la partie administrative et la cafétéria",,,,10
CLEANING_CONSUMABLE_SUPPLY,BE,,bel_3becebe3ed870bcb9e30f8ae,Fédération des Mutualités Socialistes du Luxembourg,Achat produits d'entretien et accessoires de nettoyage,,,,11
CLEANING_CONSUMABLE_SUPPLY,BE,,bel_8c67effd6a085107b5f3b55b,Juprelle,Fourniture de matériel et de produits d'entretien,,,,12
CLEANING_CONSUMABLE_SUPPLY,CHE,,ted_20c263517a579f0b8840,Centrale municipale d'achat et d'impression,Marché d'acquisition de fournitures et de matériel de nettoyage destinés au personnel chargé du nettoyage au sein de la Ville de Genève et de la Ville de Carouge.,,,,1
CLEANING_CONSUMABLE_SUPPLY,Canada,CAD,ten_cd9d8a3b176d7c9e2cf8,Correctional Service of Canada (CSC),Fall Protection Vocational Training,,,Competitive - Open bidding,1
CLEANING_CONSUMABLE_SUPPLY,Canada,CAD,ten_a9136ae006f90ece31cc,Correctional Service of Canada (CSC),Standard First Aid and Cardiopulmonary Resuscitation (CPR) with Automated External Defibrillator (AED) – Vocational Training for Offenders,,,Competitive - Open bidding,2
CLEANING_CONSUMABLE_SUPPLY,Canada,CAD,ten_84ffb7efa6b6593f0d00,Correctional Service of Canada (CSC),Vocational Training for offenders - Forklift and Mobile Elevated Work Platform (MEWP) Operator,,,Competitive - Open bidding,3
CLEANING_CONSUMABLE_SUPPLY,Canada,CAD,ten_0db7472c82d61526836b,Department of Public Works and Government Services (PSPC),"EC095-250010 - RMSO Kitchen Items, Non-Food",,,Competitive - Open bidding,4
CLEANING_CONSUMABLE_SUPPLY,Canada,CAD,ten_99332441c079582d816e,Correctional Service of Canada (CSC),Cleaning Services in an institution,,,Competitive - Open bidding,5
CLEANING_CONSUMABLE_SUPPLY,Canada,CAD,ten_9dc2d5b7f06c89a1b827,Correctional Service of Canada (CSC),Confined Spaces - Vocational Training - Fraser Valley & WHI,,,Competitive - Open bidding,6
CLEANING_CONSUMABLE_SUPPLY,Canada,CAD,ten_12271d9ca7b1a0bf3efb,Department of Public Works and Government Services (PSPC),M5000-244047 Custodial Cleaning supplies-B,,,Competitive - Open bidding,7
CLEANING_CONSUMABLE_SUPPLY,Canada,CAD,ten_43e9e2b9d4be722ebd96,Department of Public Works and Government Services (PSPC),"W4299-24GW02 Janitorial Services - Cadet Training Centre, Greenwood Nova Scotia",,,Competitive - Open bidding,8
CLEANING_CONSUMABLE_SUPPLY,Canada,CAD,ten_6dbaea969ee3196f5845,Correctional Service Canada,"First Aid, CPR and AED vocational training for offenders",,,Competitive - Open bidding,9
CLEANING_CONSUMABLE_SUPPLY,Canada,CAD,ten_1ac07e462591b2532d09,"Department of Foreign Affairs, Trade and Development Canada",Cleaning and Disinfecting Services for the Canada Pavilion at Expo 2025 Osaka,,,Competitive - Open bidding,10
CLEANING_CONSUMABLE_SUPPLY,Canada,CAD,ten_e65078983947d633cd0d,Department of Public Works and Government Services (PSPC),5P437-240413 - Janitorial Supplies - Pacific Rim,,,Competitive - Open bidding,11
CLEANING_CONSUMABLE_SUPPLY,Canada,CAD,ten_29bcbed61925de02b7fc,"Department of Foreign Affairs, Trade and Development Canada",Cleaning Services for the Embassy of Canada to Guatemala in Guatemala City,,,Competitive - Open bidding,12
CLEANING_CONSUMABLE_SUPPLY,Canada - Quebec,CAD,ten_57ec932d6d2d574df1b2,Comité de négociations d'achats regroupés de Chaudière-Appalaches (CNAR 03-12),Produits d'entretien ménager,6684999.0,5.0,Avis d’appel d’offres,1
CLEANING_CONSUMABLE_SUPPLY,Canada - Quebec,CAD,ten_99388fc8440e129072e9,Centre universitaire de santé McGill.,Produits d'entretien et lavage des services alimentaires,334399.0,4.0,Avis d’appel d’offres,2
CLEANING_CONSUMABLE_SUPPLY,Canada - Quebec,CAD,ten_6443d639bcf6fd3d5692,Centre de services scolaire des Rives-du-Saguenay,Acquisition de produits d'entretien - Sacs à déchets,,3.0,Contrat à la suite d'un appel d’offres sur invitation,3
CLEANING_CONSUMABLE_SUPPLY,Canada - Quebec,CAD,ten_a9e1143232042e68c31d,Centre de services scolaire des Rives-du-Saguenay,Acquisition de produits d'entretien - Savons,,3.0,Contrat à la suite d'un appel d’offres sur invitation,4
CLEANING_CONSUMABLE_SUPPLY,Canada - Quebec,CAD,ten_d86b8613bae270d0bcfe,CENTRE DE SERVICES SCOLAIRE DE L’OR-ET-DES-BOIS,Achat de produits d'entretien ménager,,1.0,Contrat de gré à gré,5
CLEANING_CONSUMABLE_SUPPLY,Canada - Quebec,CAD,ten_6c4c5c59717621c6a94b,CENTRE DE SERVICES SCOLAIRE DE L’OR-ET-DES-BOIS,Achat de produits d'entretien ménager,,1.0,Contrat de gré à gré,6
CLEANING_CONSUMABLE_SUPPLY,Canada - Quebec,CAD,ten_56aa393c9b0b63423b48,Cégep de Rivière-du-Loup.,Produits d'entretien ménager,,1.0,Contrat de gré à gré,7
CLEANING_CONSUMABLE_SUPPLY,Canada - Quebec,CAD,ten_d47694b7758305bbbce2,Loto-Québec .,"25-538 (CC) Fourniture de produits de nettoyage pour le lavage de la vaisselle ainsi que de produits d'entretien divers pour les cuisines des casinos de Montréal, du Lac-Leamy et de Mont-Tremblant",,1.0,Avis d’appel d’offres,8
CLEANING_CONSUMABLE_SUPPLY,Canada - Quebec,CAD,ten_ade2c7cb5ed0295f1300,Ville de Saint-Constant.,FOURNITURE ET LIVRAISON DE PRODUITS D'ENTRETIEN POUR LE COMPLEXE AQUATIQUE DE SAINT-CONSTANT,,1.0,Contrat de gré à gré,9
CLEANING_CONSUMABLE_SUPPLY,Canada - Quebec,CAD,ten_f3fc4b84336be7f29f33,SANTÉ QUÉBEC - Centre Hospitalier de l'Université de Montréal (CHUM),PRODUITS D'ENTRETIEN SERVICE ALIMENTAIRE,,1.0,Contrat de gré à gré,10
CLEANING_CONSUMABLE_SUPPLY,Canada - Quebec,CAD,ten_dcfcc5d1a1d81b21408f,Ville de Sept-Îles,Fourniture de produits d'entretien ménager du 1er août 2025 au 31 juillet 2026,,1.0,Contrat de gré à gré,11
CLEANING_CONSUMABLE_SUPPLY,Canada - Quebec,CAD,ten_9eb587fb5ee0484d1216,Université Laval,Main d’œuvre et fournitures pour nettoyage de la piscine olympique et la pataugeoire du Super Peps,,1.0,Contrat de gré à gré,12
CLEANING_CONSUMABLE_SUPPLY,FI,,ted_2cb2527b612ea753b67d,Jyväskylän kaupunki,HANK Puhtaanapidon tarvikkeet,,,,1
CLEANING_CONSUMABLE_SUPPLY,FIN,EUR,ted_e4eecd98cdefd5a261ad,Hansel Oy,Puhtaanapidon tarvikkeet 2024-2026 (2028),100000000.0,,,1
CLEANING_CONSUMABLE_SUPPLY,FIN,EUR,ted_4d4abca95c3b720fa845,Hansel Oy,Puhtaanapidon tarvikkeet 2024-2026 (2028),100000000.0,,,2
CLEANING_CONSUMABLE_SUPPLY,FIN,EUR,ted_c3fef8866c9ebcc804bf,Sarastia Oy,Puhtaanapidon tarvikkeet,26199225.0,,,3
CLEANING_CONSUMABLE_SUPPLY,FIN,EUR,ted_d3f0152a42fef6ff3a9c,Sarastia Oy,Puhtaanapidon tarvikkeet,26199225.0,,,4
CLEANING_CONSUMABLE_SUPPLY,FIN,EUR,ted_f6b589d532013b2b2229,Länsi-Uudenmaan hyvinvointialue,Puhtaanapidon tarvikkeet,3608000.0,,,5
CLEANING_CONSUMABLE_SUPPLY,FIN,EUR,ted_30874c57b069e9381bdc,Jyväskylän kaupunki,HANK Puhtaanapidon tarvikkeet,1500000.0,,,6
CLEANING_CONSUMABLE_SUPPLY,FIN,EUR,ted_463cc50cbed0ef18f502,Turun kaupunki,"Tietopyyntö: Puhtaanapidon tarvikkeet, pesu- ja puhdistusaineet, jätesäkit ja pehmopaperit",1344000.0,,,7
CLEANING_CONSUMABLE_SUPPLY,FIN,EUR,ted_ccf64f79e3b730482f98,Turun kaupunki,"Tietopyyntö: Puhtaanapidon tarvikkeet, pesu- ja puhdistusaineet, jätesäkit ja pehmopaperit",1344000.0,,,8
CLEANING_CONSUMABLE_SUPPLY,FIN,,ted_0acd3eacf2cddf5723de,TeeSe Botnia Oy Ab,Puhtaanapidon tarvikkeet,,,,1
CLEANING_CONSUMABLE_SUPPLY,FIN,,ted_e2ecbf656e826aa4c523,Turun kaupunki,Puhtaanapidon tarvikkeet Turun kaupungille 1.5.2024 alkaen,,,,2
CLEANING_CONSUMABLE_SUPPLY,FIN,,ted_0d760b5aa49e86c1980e,Jyväskylän kaupunki,HANK Puhtaanapidon tarvikkeet,,,,3
CLEANING_CONSUMABLE_SUPPLY,France,EUR,ten_fce82d2f41a96bed1817,Marchés publics,"FOURNITURE ET LIVRAISON DE CONSOMMABLES, PRODUITS ET MATERIELS D'ENTRETIEN POUR LA COMMUNE DE VANDŒUVRE",,,OUVERT/,1
CLEANING_CONSUMABLE_SUPPLY,France,EUR,ten_06a7d618dcc5e0d2c4b6,Communauté d'Agglomération de La Rochelle,FOURNITURE DE PRODUITS ET MATERIELS D'ENTRETIEN ET D'HYGIENE,,,OUVERT/,2
CLEANING_CONSUMABLE_SUPPLY,France,EUR,ten_d2eccc06757f6ab614fd,COMMUNE DE ETAPLES,"Fourniture de produits d'entretien et de vaisselle à usage unique, emballage, consommables et arts de la table pour les besoins de la Ville et du CCAS d'Etaples-sur-mer (en groupement de commandes)",,,OUVERT/,3
CLEANING_CONSUMABLE_SUPPLY,France,EUR,ten_f3b856df915a86d8313e,Communauté Urbaine de Dunkerque,"Fourniture de Produits et petits matériels d’entretien, brosserie, ouate et prestations associées",,,OUVERT/,4
CLEANING_CONSUMABLE_SUPPLY,France,EUR,ten_742cb30c947b75ed7f75,Ville de Lille,"Fourniture de matériels motorisés de nettoyage, accessoires et pièces détachées, et prestations de maintenance",,,OUVERT/,5
CLEANING_CONSUMABLE_SUPPLY,France,EUR,ten_89280b0a902df591a71a,Ville de Châtenay-Malabry,Fourniture de produits et de petits matériels d’entretien pour les cuisines avec mise à disposition des doseurs et centrales de nettoyage,,,OUVERT/,6
CLEANING_CONSUMABLE_SUPPLY,France,EUR,ten_bf4d7a296dfbda028711,CEREMA,PRESTATIONS DE NETTOYAGE DES LOCAUX ET FOURNITURES DES CONSOMMABLES SANITAIRES,,,AUTRE/,7
CLEANING_CONSUMABLE_SUPPLY,France,EUR,ten_374e16e87be450da9454,Siel Territoire d'énergie Loire,Accord-cadre de fournitures courantes de bureau et de produits sanitaires,,,OUVERT/,8
CLEANING_CONSUMABLE_SUPPLY,France,EUR,ten_ed652e7847a3e6663a4c,Euro-Métropole de Metz,ACQUISITION DE PRODUITS D'ESSUYAGE ET D'HYGIENE DES MAINS,,,OUVERT/,9
CLEANING_CONSUMABLE_SUPPLY,France,EUR,ten_e28c3a28a08ef6c65f66,Bordeaux Métropole,"ACQUISITION DE PRODUITS, CONSOMMABLES ET PETITS MATERIELS DESTINES A L'ENTRETIEN ET A L'HYGIENE DANS LE CADRE DE LA CENTRALE D'ACHATS METROPOLITAINE",,,OUVERT/,10
CLEANING_CONSUMABLE_SUPPLY,France,EUR,ten_ee21964943309df4b5b9,Commune d'Annonay,"Acquisition de fournitures de produits d'entretien et d'hygiène pour la Ville d'Annonay, le Centre Communal d'Action Sociale de la Ville d'Annonay, Annonay Rhône Agglo et le Centre Intercommunal d'Act",,,OUVERT/,11
CLEANING_CONSUMABLE_SUPPLY,France,EUR,ten_49e56d43e719e33ec549,Département des Hauts-de-Seine,Fourniture de petits matériels et de consommables d'entretien et d'hygiène,,,OUVERT/,12
CLEANING_CONSUMABLE_SUPPLY,GP,,ted_8f0baa9d4fc8e9f1a4ee,routes de Guadeloupe,nettoyage des locaux incluant la fourniture de produits d'entretien et consommables pour les sites du syndicat mixte Routes de Guadeloupe,,,,1
CLEANING_CONSUMABLE_SUPPLY,Germany,EUR,ten_ffdd92e6ae9fb8d97c95,Stadt Landshut,Rahmenvereinbarung für Reinigungs- und Verbrauchsmaterial der Stadt Landshut,1118372.0,,open,1
CLEANING_CONSUMABLE_SUPPLY,Germany,EUR,ten_df1b7e7b8751a5695cc6,Finanzbehörde Hamburg,Lieferung von Reinigungsmitteln für die FHH,475121.0,,open,2
CLEANING_CONSUMABLE_SUPPLY,Germany,EUR,ten_fb3e5e5ad2cb69ca6806,Studierendenwerk Niederbayern/Oberpfalz,Rahmenvereinbarung über die Belieferung mit Reinigungsmitteln,435000.0,,open,3
CLEANING_CONSUMABLE_SUPPLY,Germany,EUR,ten_5e88af9e9df5c25e2d24,Landratsamt Ilm-Kreis,Reinigungsmittel Schulen/Sph/Verwaltung,375000.0,,open,4
CLEANING_CONSUMABLE_SUPPLY,Germany,EUR,ten_00cd526444dbef789c14,Berlin Tourismus & Kongress GmbH,Gebäudereinigung (Unterhaltsreinigung/ Sonderreinigung),240000.0,,open,5
CLEANING_CONSUMABLE_SUPPLY,Germany,EUR,ten_28789d6d693fdcdfe830,,Lieferung von Reinigungs- und Hygienematerial/Reinigungsmittel,,,de-open,6
CLEANING_CONSUMABLE_SUPPLY,Germany,EUR,ten_132cc73137d6e19798d9,,Lieferung von Reinigungs- und Hygienematerial/Reinigungsmittel,,,de-open,7
CLEANING_CONSUMABLE_SUPPLY,Germany,EUR,ten_f13d8be9a6394cfabc98,,Rahmenvereinbarung Lieferung Reinigungsmittelbedarf Landkreis MOL,,,de-open,8
CLEANING_CONSUMABLE_SUPPLY,Germany,EUR,ten_95c2c1a926f67608d62b,,Rahmenvertrag Lieferung Reinigungsmittel ab 01.09.2026,,,open,9
CLEANING_CONSUMABLE_SUPPLY,Germany,EUR,ten_755458e2acba535bb2d0,,Lieferleistung Reinigungsmittel und Verbrauchsmaterial,,,de-open,10
CLEANING_CONSUMABLE_SUPPLY,Germany,EUR,ten_476ff520738e07c47af5,Klinik Gastronomie Eppendorf GmbH,Reinigungsmittel KGE,,,open,11
CLEANING_CONSUMABLE_SUPPLY,Germany,EUR,ten_cca22d42916419c741e5,,Lieferleistung Reinigungsmittel und Verbrauchsmaterial,,,de-open,12
CLEANING_CONSUMABLE_SUPPLY,ISL,ISK,ted_7dbf0d179a76350b56e9,Fjársýsla ríkisins,FA Cleaning supplies,4000000000.0,,,1
CLEANING_CONSUMABLE_SUPPLY,Ireland,EUR,ten_6fd970e15ae33f39f11e,Trinity College Dublin the University of Dublin,"Multi-Supplier Framework for the Supply of Janitorial Supplies and Cleaning Consumables to Trinity College Dublin, the University of Dublin",2200000.0,,Open Procedure,1
CLEANING_CONSUMABLE_SUPPLY,Ireland,EUR,ten_79198a5786fc2642fa2f,Sport Ireland Facilities DAC,"Request for Tenders for the Supply of Cleaning Consumables, Equipment and Service",600000.0,,Open Procedure,2
CLEANING_CONSUMABLE_SUPPLY,Ireland,EUR,ten_d52752dabd6816b6a78b,Galway City Council,Cleaning Supplies and Equipment,,,,3
CLEANING_CONSUMABLE_SUPPLY,LU,EUR,ted_d4618e83e4961408e0d6,Administration Communale de Pétange,Fournitures de repas et nettoyage,1849585.18,,,1
CLEANING_CONSUMABLE_SUPPLY,LUX,,ted_aeef2738bd50317a89ce,Corps grand-ducal d'incendie et de secours (CGDIS),Accord-cadre: Fournitures de bureau et produits de nettoyage,,,,1
CLEANING_CONSUMABLE_SUPPLY,MKD,,ted_7beb23f6a81c9bccb845,"Ministry of Social Policy, Demography and Youth","Procurement of hygiene supplies for the needs of the Ministry of Social Policy, Demography and Youth and the user units funded through the Budget of the Ministry",,,,1
CLEANING_CONSUMABLE_SUPPLY,MKD,,ted_504be0dbd98c23f3e894,"Ministry of Social Policy, Demography and Youth","Procurement of hygiene supplies for the needs of the Ministry of Social Policy, Demography and Youth and the user units funded through the Budget of the Ministry",,,,2
CLEANING_CONSUMABLE_SUPPLY,MLT,EUR,ted_e3f49af72d134fdea24e,Department of Contracts,CT2015/2023 - FRAMEWORK CONTRACT FOR THE PROVISION OF CLEANING CONSUMABLES GOODS WITH REDUCED ENVIRONMENTAL IMPACT FOR SAINT VINCENT DE PAUL LONG TERM CARE FACILITY,1318818.0,,,1
CLEANING_CONSUMABLE_SUPPLY,MLT,EUR,ted_0fbbb775ea81acd5b12d,Department of Contracts,CT2018/2026 TENDER FOR THE PROVISION OF ENVIRONMENTALLY FRIENDLY CLEANING SERVICES WITH CLEANING SUPPLIES AT VARIOUS SITES MANAGED AND OPERATRED BY JOBSPLUS,895689.0,,,2
CLEANING_CONSUMABLE_SUPPLY,MLT,EUR,ted_36758d39ac3c5f0b061a,Sectoral Procurement Directorate,SPD6/2023/085 - Framework Contract for the Provision of Cleaning Services including Cleaning Consumables with Reduced Environmental Impact at the Lands Authority,248847.0,,,3
CLEANING_CONSUMABLE_SUPPLY,MLT,EUR,ted_a63bd1649bb3f27a1ecb,Sectoral Procurement Directorate,"Supplies – Framework Contract for the Provision and Supply of Environmentally Friendly, Domestic Cleaning Supplies for Heritage Malta - SPD5/2023/034",94222.0,,,4
CLEANING_CONSUMABLE_SUPPLY,MT,,ted_6c125039ce26df56c6d3,Sectoral Procurement Directorate,"Supplies – Framework Contract for the Provision and Supply of Environmentally Friendly, Domestic Cleaning Supplies for Heritage Malta - SPD5/2023/034",,,,1
CLEANING_CONSUMABLE_SUPPLY,RE,EUR,ted_0d436577adfb0b36018b,ville de Saint-Benoit,marché de fourniture de produits d'entretien pour la Commune de Saint-Benoit - années 2024-2025,216000.0,,,1
CLEANING_CONSUMABLE_SUPPLY,TUR,,ted_5a9fb7314339119eaee5,REPUBLIC OF TURKEY MINISTRY OF NATIONAL EDUCATION DIRECTORATE OF LIFE LONG LEARNING PROMOTİNG INCLUSIVE EDUCATION FOR KIDS IN THE TURKISH EDUCATION SYSTEM PIKTES,Purchase of cleaning supplies for educational institutions in project provinces.,,,,1
CLEANING_CONSUMABLE_SUPPLY,United Kingdom,GBP,ten_247e8a9510374f8dc618,Department for Education,Educational Supplies,500000000.0,,Competitive flexible procedure,1
CLEANING_CONSUMABLE_SUPPLY,United Kingdom,GBP,ten_64128a9f1f897425a820,CAMBRIDGE UNIVERSITY HOSPITALS NHS FOUNDATION TRUST,Provision of Domestic Cleaning and Patient Catering Services,109335077.0,,,2
CLEANING_CONSUMABLE_SUPPLY,United Kingdom,GBP,ten_bef1fffcb1a225ddad65,MIDLAND HEART LIMITED,MH 0113 - PPE/Workwear - Cleaning Supplies - Stationary & Office Consumables,6200000.0,,Open procedure,3
CLEANING_CONSUMABLE_SUPPLY,United Kingdom,GBP,ten_0a250c4c8557fd215a63,Manchester City Council,Cleaning Materials Supply,2400000.0,,Open procedure,4
CLEANING_CONSUMABLE_SUPPLY,United Kingdom,GBP,ten_acf3cdf257ce61698aab,University of Exeter,Janitorial and Cleaning Supplies,550000.0,,Open procedure,5
CLEANING_CONSUMABLE_SUPPLY,United Kingdom,GBP,ten_36ff45a8f7f1f04fd41d,EAST MIDLANDS AMBULANCE SERVICE NHS TRUST,Supply of Traffic Film Remover & Exterior Ambulance Cleaning Consumables,500000.0,,Open procedure,6
CLEANING_CONSUMABLE_SUPPLY,United Kingdom,GBP,ten_19b24b48b9300bbf8ade,Platform Housing Limited,Office Supplies,350000.0,,Open procedure,7
CLEANING_CONSUMABLE_SUPPLY,United Kingdom,GBP,ten_fc5eea7bc55bb8630213,Leicester College,To Supply Leicester College with Cleaning Consumables,50000.0,,Below threshold - open competition,8
CLEANING_CONSUMABLE_SUPPLY,United Kingdom,GBP,ten_dc5d37c089f4fb247b23,Taunton Town Council,Eco Cleaning Materials,30000.0,,Below threshold - open competition,9
CLEANING_CONSUMABLE_SUPPLY,United Kingdom,GBP,ten_2df35c890ebb9eb011cf,THE GUINNESS PARTNERSHIP LIMITED,Cleaning consumables,,,Below threshold - unknown,10
CLEANING_CONSUMABLE_SUPPLY,United Kingdom,GBP,ten_6489b074fdc3d88b5132,NEUPC Ltd,Cleaning and Janitorial Supplies,,,Competitive flexible procedure,11
CLEANING_CONSUMABLE_SUPPLY,United Kingdom,GBP,ten_57d4720c2a61f50527d4,Inspire Education Group,Janitorial and Cleaning Supplies,,,Open procedure,12
CONSULTANT_BROKER_EXPLICIT,NO,,ted_0e3fe654a513102d6dab,AVINOR AS,Avinor AS - Framework agreement for a TEK consultant - Strategic Partner & Consultancy Broker,,,,1
CONSULTANT_BROKER_EXPLICIT,NOR,NOK,ted_f2b0da5272fca146bee8,"Barne-, ungdoms- og familiedirektoratet",Framework agreements for consultancy services for technical development ICT and consultancy broker services for ICT development.,300000000.0,,,1
CONSULTANT_BROKER_EXPLICIT,NOR,NOK,ted_a91eee5913bb1d199a37,Møre og Romsdal Fylkeskommune,2023-82 Consultant broker,30000000.0,,,2
CONSULTANT_BROKER_EXPLICIT,NOR,,ted_add426107bf2bb6b2611,Telemark fylkeskommune,Framework agreement consultancy broker,,,,1
CONSULTANT_BROKER_EXPLICIT,NOR,,ted_490088f0610d2ead876b,Norsk Tipping AS,Consultancy broker services for Norsk Tipping.,,,,2
CONSULTANT_BROKER_EXPLICIT,NOR,,ted_9a52729bda42bb42f55e,AVINOR AS,"Avinor AS - K-191525/K-191526 - Framework agreement - TEK consultant, strategic partner and consultancy broker.",,,,3
CONSULTANT_BROKER_EXPLICIT,SE,SEK,ted_e75b464acf9ce1746aa8,PENSIONSMYNDIGHETEN,Upphandling av IT-konsultmäklare,1500000000.0,,,1
CONSULTANT_BROKER_EXPLICIT,SE,SEK,ted_672a1ef80beac04b6bd3,Tillväxtverket,Ramavtal: Konsultmäklare,300000000.0,,,2
CONSULTANT_BROKER_EXPLICIT,SE,SEK,ted_0971e208a9b323c86701,Landskrona kommun,Konsultmäklare IT,15000000.0,,,3
CONSULTANT_BROKER_EXPLICIT,SE,SEK,ted_5878c0254e9a7f592b73,Jönköpings kommun,Konsultförmedlare IT-konsulter,14000000.0,,,4
CONSULTANT_BROKER_EXPLICIT,SE,,ted_477aef2f019a1efa4911,Öresundskraft AB,Konsultmäklare CCS,,,,1
CONSULTANT_BROKER_EXPLICIT,SE,,ted_6d9d8f88e1abe1ee2dce,Landskrona kommun,Konsultmäklare IT 2023,,,,2
CONSULTANT_BROKER_EXPLICIT,SE,,ted_bbd621b4e61b757679cf,RIKSGÄLDSKONTORET,IT Konsultmäklare,,,,3
CONSULTANT_BROKER_EXPLICIT,SWE,SEK,ted_85dd039795eaa4b60903,Skatteverket,It-konsultmäklare,3700000000.0,,,1
CONSULTANT_BROKER_EXPLICIT,SWE,SEK,ted_8e44959e8e9e90a563a3,E-hälsomyndigheten,Konsultmäklare,1150000000.0,,,2
CONSULTANT_BROKER_EXPLICIT,SWE,SEK,ted_b25fdfdbd681644f616b,Trafikverket Myndighet,Konsultförmedling - Projektingenjörer och Teknikingenjörer,800000000.0,,,3
CONSULTANT_BROKER_EXPLICIT,SWE,SEK,ted_695132bd84b69110864c,Trafikverket Myndighet,Konsultförmedling - Projektingenjörer och Teknikingenjörer,800000000.0,,,4
CONSULTANT_BROKER_EXPLICIT,SWE,SEK,ted_60719e222c7b12ce638b,Polismyndigheten,Konsultförmedlare avseende it-konsulter,800000000.0,,,5
CONSULTANT_BROKER_EXPLICIT,SWE,SEK,ted_153bf4a072a782b3f786,AB Transitio,Konsultförmedlartjänst 2024,720000000.0,,,6
CONSULTANT_BROKER_EXPLICIT,SWE,SEK,ted_5cb976d8f0153f07e7ff,Sigtuna kommun,Konsultmäklare,517000000.0,,,7
CONSULTANT_BROKER_EXPLICIT,SWE,SEK,ted_2de16ceaa4bed0f0990f,Region Sörmland och Region Västmanland,IT-konsultmäklare,500000000.0,,,8
CONSULTANT_BROKER_EXPLICIT,SWE,SEK,ted_6b4ccf60926673f22f87,Boverket,Konsultförmedlingstjänst IT 2026,400000000.0,,,9
CONSULTANT_BROKER_EXPLICIT,SWE,SEK,ted_193d5f8bd92be25776ba,Stadskontoret,Konsultmäklare,400000000.0,,,10
CONSULTANT_BROKER_EXPLICIT,SWE,SEK,ted_22f304de6eb934b8cac1,Almi AB,Konsultmäklare,400000000.0,,,11
CONSULTANT_BROKER_EXPLICIT,SWE,SEK,ted_60980fe96ab01f4c30f9,Telge Inköp AB,"TI 2023-1124 Konsultmäklare för Telge AB, Södertälje kommun, Flens kommun, Katrineholms kommun,Nykvarns kommun och Nykvarnsbostäder",400000000.0,,,12
CONSULTANT_BROKER_EXPLICIT,SWE,,ted_3261c1af5809bc075795,Alingsås kommun,Konsultmäklare Chefs- och ledarskapsstöd,,,,1
CONSULTANT_BROKER_EXPLICIT,SWE,,ted_6437f43f7d1c9194ee60,HBV,Konsultmäklare,,,,2
POSTAL_OFFICIAL_FULFILMENT,BE,,bel_ea0e9e409cc3b2806b1c81c6,Tournai,"Impression, mise sous pli et expédition des avertissements extraits de rôle (et annexes) pour les taxes sur le traitement et la collecte des immondices, et sur les prestations d'hygiène publique pour l'exercice 2026",,,,1
POSTAL_OFFICIAL_FULFILMENT,BE,,bel_8f4427d4c15531e770d6c0db,GROUPE SANTE CHC ASBL,Marché de services pour la gestion des courriers et colis express du Groupe Santé CHC (collecte et distribution),,,,2
POSTAL_OFFICIAL_FULFILMENT,BE,,bel_d498d1bc0bef74760bc03526,CPAS de Molenbeek,Location d'une machine de mise sous pli et d'un empileur vertical,,,,3
POSTAL_OFFICIAL_FULFILMENT,BE,,bel_937851ae593b11c7ec7076c1,Achats ICT,Machine de mise sous plis,,,,4
POSTAL_OFFICIAL_FULFILMENT,BE,,bel_bb1f850a97caaea265556397,Quévy,"Remplacement de notre ancienne machine de mise sous pli et d'affranchissement, avec contrat de maintenance",,,,5
POSTAL_OFFICIAL_FULFILMENT,BE,,bel_b2baca92c87383a952034dee,Tournai,"Impression, mise sous pli et expédition des avertissements extraits de rôle (et annexes) pour les taxes sur le traitement et la collecte des immondices, et sur les prestations d'hygiène publique pour l'exercice 2025",,,,6
POSTAL_OFFICIAL_FULFILMENT,BE,,bel_a64703ae12fc84893343c631,Office Wallon de la formation professionnelle et de l'emploi,"Marché de fournitures pour la location, l’entretien et la maintenance de deux machines de mise sous pli",,,,7
POSTAL_OFFICIAL_FULFILMENT,BE,,bel_d820827485e6bed7b5c8b37d,IWEPS,"Impression, mise sous pli et envoi de courriers dans le cadre d'une enquête",,,,8
POSTAL_OFFICIAL_FULFILMENT,BE,,bel_40932e6eacfdc6027f97f439,Mutualité Solidaris Liège,"Location et entretien d'une machine à affranchir et d'une machine à mise sous pli, de périphériques associés et de fourniture de consommables correspondants.",,,,9
POSTAL_OFFICIAL_FULFILMENT,BE,,bel_028f76eea3889615fbcfe93e,Aankoopcentrale Groep CM-MC vzw,Services de courrier - Boîtes aux lettres CM (distribution du courrier interne),,,,10
POSTAL_OFFICIAL_FULFILMENT,BE,,bel_5e264b995637d30b5fceb7a6,Police Fédérale,"Impression, mise sous pli et envoi optimisé chez l'opérateur postal pour le Moniteur de sécurité pour l'année 2024",,,,11
POSTAL_OFFICIAL_FULFILMENT,BE,,bel_0eeb49f21e0642249d450cf8,Tournai,"Impression, mise sous pli et expédition des avertissements extraits de rôle (et annexes) pour les taxes sur le traitement et la collecte des immondices, et sur les prestations d'hygiène publique pour l'exercice 2024",,,,12
POSTAL_OFFICIAL_FULFILMENT,CHE,,ted_c125abfcdad7121330f0,Centrale d'achats et d'ingénierie biomédicale des hôpitaux universitaires Vaud-Genève,Impression transactionnelle et mise sous pli pour les HUG,,,,1
POSTAL_OFFICIAL_FULFILMENT,Canada - Quebec,CAD,ten_aa32d17fa620ea1501a4,Centre de services scolaire du Val-des-Cerfs.,"Service de distribution de courrier interne (enveloppes, boites et autres)",,,Avis d’appel d’offres,1
POSTAL_OFFICIAL_FULFILMENT,Canada - Quebec,CAD,ten_07f898b48d5e279995a8,Ville de Longueuil,Acquisition d'un système de mise sous pli du courrier (Plieuse-inséreuse),,1.0,Contrat de gré à gré,2
POSTAL_OFFICIAL_FULFILMENT,Canada - Quebec,CAD,ten_bcd3e958be4f56e67ebe,Ville de Longueuil,"Fourniture de papeterie, impression, mise sous pli et mise à la poste des comptes de taxes municipales de la Ville de Longueuil",,5.0,Avis d’appel d’offres,3
POSTAL_OFFICIAL_FULFILMENT,Canada - Quebec,CAD,ten_6b0e22b38d0da4d1120c,Centre de services scolaire du Pays-des-Bleuets,Distribution de courrier interne_2026-2029,,2.0,Avis d’appel d’offres,4
POSTAL_OFFICIAL_FULFILMENT,Canada - Quebec,CAD,ten_af88b414387c586d659f,Ville de Montréal - Service de l'approvisionnement,"Services de ramassage, de tri et de distribution du courrier interne pour la Ville de Montréal",,7.0,Avis d’appel d’offres,5
POSTAL_OFFICIAL_FULFILMENT,Canada - Quebec,CAD,ten_7e5101a454add2dcbcdf,Ville de Montréal - Service de l'approvisionnement,"Services de ramassage, de tri et de distribution du courrier interne pour la Ville de Montréal",,7.0,Contrat à la suite d'un achat mandaté ou d'un regroupement d’organismes,6
POSTAL_OFFICIAL_FULFILMENT,Canada - Quebec,CAD,ten_7f6f0eca053142255402,Ville de Longueuil,"Fourniture de papeterie, impression, mise sous pli et mise à la poste des avis d’évaluation 2025-2026-2027 de l’agglomération de Longueuil",,1.0,Contrat de gré à gré,7
POSTAL_OFFICIAL_FULFILMENT,Canada - Quebec,CAD,ten_123bb4ed63cda26755c0,Ville de Longueuil,"Fourniture de papeterie, impression, mise sous pli et mise à la poste des comptes de taxes",,1.0,Contrat de gré à gré,8
POSTAL_OFFICIAL_FULFILMENT,Canada - Quebec,CAD,ten_5c7cc8d9c3175f07a37d,Ville de Montréal - Service de l'approvisionnement,"Service de ramassage, tri et distribution du courrier – Service de Police de la Ville de Montréal",,3.0,Avis d’appel d’offres,9
POSTAL_OFFICIAL_FULFILMENT,Canada - Quebec,CAD,ten_cbf9eed5f58218a74dc2,Ville de Montréal - Service de l'approvisionnement,"Service de ramassage, tri et distribution du courrier – Service de Police de la Ville de Montréal",,3.0,Contrat à la suite d'un achat mandaté ou d'un regroupement d’organismes,10
POSTAL_OFFICIAL_FULFILMENT,France,EUR,ten_eaeb60edde03e3b818fc,CENTRE DE GESTION DE LA FONCTION PUBLIQUE TERRITORIALE DES PYRENEES ORIENTALES,Marché affranchissement courriers,,,PROCEDURE_ADAPTE/,1
POSTAL_OFFICIAL_FULFILMENT,France,EUR,ten_f492b63f869ae689d837,Département de l'Isère,"Impression, pliage, mise sous pli de documents, colisage et manoeuvre d'affranchissement",,,OUVERT/,2
POSTAL_OFFICIAL_FULFILMENT,France,EUR,ten_6abc9610150793c5183e,ANGDM,"Marché d'édition, mise sous pli, expédition et affranchissement des courriers sortants de l'ANGDM",,,OUVERT/,3
POSTAL_OFFICIAL_FULFILMENT,France,EUR,ten_0548378a022f0f4c258a,Communaute De Communes Pays D'Evian Vallee D'Abondance,"Accord-Cadre D'Impression, De Mise Sous Pli Et D'Envoi De Courriers En Nombre",,,OUVERT/,4
POSTAL_OFFICIAL_FULFILMENT,France,EUR,ten_74e851c93bc25b565cc6,Régie des Eaux Gessiennes,"Marché de service relatif à l'édition, mise sous pli, affranchissement et mise en poste des factures et courriers de la régie des Eaux Gessiennes, ainsi que la gestion des plis non distribués.",,,OUVERT/,5
POSTAL_OFFICIAL_FULFILMENT,France,EUR,ten_375b5c99ed27725a8d06,CHR METZ-THIONVILLE,"Fourniture, impression, mise sous pli et envoi de matériel électoral pour les élections professionnelles du CHR METZ-THIONVILLE",,,PROCEDURE_ADAPTE/,6
POSTAL_OFFICIAL_FULFILMENT,France,EUR,ten_e7a38f8cdeb34382846d,Caisse des dépôts et consignations,"Prestations de transport et de distribution de courriers internes et externes, de plis et de colis pour le compte des services gestion des flux (courrier) et moyens d’impression (imprimerie) de la CDC",,,OUVERT/,7
POSTAL_OFFICIAL_FULFILMENT,France,EUR,ten_f40412ecfeadb5568f94,OPH du Département du Doubs,Services d'éditique,,,OUVERT/,8
POSTAL_OFFICIAL_FULFILMENT,France,EUR,ten_55fa7324b79b73793def,Commune de Bobigny,Externalisation de l'affranchissement et de la distribution du courrier sortant,,,OUVERT/,9
POSTAL_OFFICIAL_FULFILMENT,France,EUR,ten_dbe779374f0360526ca2,Conseil départemental Loire Atlantique,"IMPRESSION, MISE SOUS PLI, AFFRANCHISSEMENT, ROUTAGE DES NOTIFICATIONS DE LA CDAPH - LA MAISON DEPARTEMENTALE DES PERSONNES EN SITUATION DE HANDICAP DE LOIRE-ATLANTIQUE",,,OUVERT/,10
POSTAL_OFFICIAL_FULFILMENT,France,EUR,ten_00ea17d592d9ee7716a9,Conseil départemental Loire Atlantique,"Prestations de mise sous plis, de colisage et d'affranchissement pour les services du Département",,,OUVERT/,11
POSTAL_OFFICIAL_FULFILMENT,France,EUR,ten_cb0b917dac693bff573f,Mairie de Nogent-sur-Marne,"Prestations de collecte, d'affranchissement et d'acheminement pour la distribution du courrier de la ville et du CCAS de Nogent-sur-Marne",,,OUVERT/,12
POSTAL_OFFICIAL_FULFILMENT,Germany,EUR,ten_09532f5654d110ae7705,Bayer. Polizeiverwaltungsamt,Rahmenvereinbarung über die Zustellung von Bescheiden mittels Postzustellungsauftrag,21115080.0,,open,1
POSTAL_OFFICIAL_FULFILMENT,Germany,EUR,ten_8674d4c5c48efcaba594,Bayer. Polizeiverwaltungsamt,Rahmenvereinbarung über die Zustellung von Bescheiden mittels Postzustellungsauftrag,2936250.0,,open,2
POSTAL_OFFICIAL_FULFILMENT,Germany,EUR,ten_d12250126aa6a1bcde40,"Stadt Konstanz, Personal- und Organisationsamt-Zentrale Vergabestelle",Postdienstleistungen für die Stadt Konstanz,1.0,,open,3
POSTAL_OFFICIAL_FULFILMENT,Germany,EUR,ten_5edef73063173d511fc7,Oberfinanzdirektion Baden-Württemberg,RV Postdienstleistungen förmliche Zustellung - Postzustellungsauftrag für die OFDBW,,,open,4
POSTAL_OFFICIAL_FULFILMENT,Germany,EUR,ten_a4527ef7326b1c1e62b3,Bayerisches Polizeiverwaltungsamt,Rahmenvereinbarung über die Zustellung von Bescheiden mittels Postzustellungsauftrag,,,open,5
POSTAL_OFFICIAL_FULFILMENT,Germany,EUR,ten_75b73a3187812614d870,BITMARCK Service GmbH,Sichere Zustellung von eGK und PIN/PUK-Briefen durch Identifikation bei der Übergabe,,,open,6
POSTAL_OFFICIAL_FULFILMENT,Germany,EUR,ten_0939ed6dbda18497e9af,,Postdienstleistungen für das Jobcenter Stendal,,,de-open,7
POSTAL_OFFICIAL_FULFILMENT,Germany,EUR,ten_125608504ecd26adc6bd,Landeshauptstadt Hannover - Zentrale Submission,Rahmenvertrag für die Lieferung von Briefumschlägen und Versandtaschen für die Gesamtverwaltung der Landeshauptstadt Hannover.,,,us-open,8
POSTAL_OFFICIAL_FULFILMENT,Germany,EUR,ten_49adce5898812652c410,"Stadt Ludwigshafen, Zentrale Vergabestelle und Baukoordinierung",Rahmenvereinbarung über die Briefdienstleistung Postzustellungsauftrag (PZA) für die Stadt Ludwigshafen am Rhein,,,open,9
POSTAL_OFFICIAL_FULFILMENT,Germany,EUR,ten_832f875751ab578246e1,,Postdienstleistungen,,,,10
POSTAL_OFFICIAL_FULFILMENT,United Kingdom,GBP,ten_cdcce79045d1e48f3a97,Rail Settlement Plan Limited,Centralised Delay Repay Service and Related Services,21194340.0,,Competitive flexible procedure,1
SOFTWARE_BROKER_EXPLICIT,BE,,bel_16bf38ba1f0b4f270f7a0cce,Vives Zuid vzw,VIVES Raamovereenkomst Software broker,,,,1
SOFTWARE_BROKER_EXPLICIT,BE,,bel_ae3fae89525a7137a2a90c86,Fluvius System Operator cv (Speziale Sektoren),Software Broker & SAM Consultancy,,,,2
SOFTWARE_BROKER_EXPLICIT,CHE,,ted_6996f36313210759b17a,"ETH Zürich, Informatikdienste",Atlassian Reseller 2026,,,,1
SOFTWARE_BROKER_EXPLICIT,CHE,,ted_2966cf1bcb39a76e58df,IWB Industrielle Werke Basel,Reseller für Cloud Service Provider,,,,2
SOFTWARE_BROKER_EXPLICIT,CHE,,ted_8bf6f8285f0e00be56b0,Switch,Microsoft CASA Reseller für Hochschul-Community,,,,3
SOFTWARE_BROKER_EXPLICIT,CHE,,ted_d31abbf8ba5962014ef9,ETH Zürich - Informatikdienste,Adobe ETLA Reseller 2024,,,,4
SOFTWARE_BROKER_EXPLICIT,Canada,CAD,ten_f1a98745752945c13139,Shared Services Canada,Red Hat Maintenance Renewal for RCPM,,,Competitive - Selective tendering,1
SOFTWARE_BROKER_EXPLICIT,Canada,CAD,ten_8b0c59ecae18c9bb8dc4,Shared Services Canada,Red Hat Enterprise Linux for DND,,,Competitive - Selective tendering,2
SOFTWARE_BROKER_EXPLICIT,Canada,CAD,ten_0787b1d3ed05a787b62b,Shared Services Canada,Shared Services Canada - Red Hat Minor Contract,,,Competitive - Selective tendering,3
SOFTWARE_BROKER_EXPLICIT,Canada,CAD,ten_eb1edc6e32143811c391,Shared Services Canada,Nutanix Cloud Manager Software Licenses and M&S for DND,,,Competitive - Selective tendering,4
SOFTWARE_BROKER_EXPLICIT,Canada,CAD,ten_81010c439755065a8ff8,Shared Services Canada,Erwin Data Modeler for Transport Canada,,,Competitive - Selective tendering,5
SOFTWARE_BROKER_EXPLICIT,Canada,CAD,ten_64e9338110d9342704be,Shared Services Canada,Logiciel Red Hat OpenShift Platform Plus,,,Competitive - Selective tendering,6
SOFTWARE_BROKER_EXPLICIT,Canada,CAD,ten_182b85dc1ba5d4906369,Shared Services Canada,Red Hat OpenShift for DND,,,Competitive - Selective tendering,7
SOFTWARE_BROKER_EXPLICIT,Canada,CAD,ten_4cba64f79bd5e20c4547,House of Commons,Software Reseller RFI,,,Competitive - Open bidding,8
SOFTWARE_BROKER_EXPLICIT,Canada,CAD,ten_ff9337ac75d457ffe60f,Shared Services Canada,SW-132700,,,Competitive - Selective tendering,9
SOFTWARE_BROKER_EXPLICIT,Canada,CAD,ten_eb0ce0e854227f27a4f8,Shared Services Canada,Nutanix Licenses with M&S for Shared Services Canada,,,Competitive - Selective tendering,10
SOFTWARE_BROKER_EXPLICIT,Canada,CAD,ten_575cd06e33584d2e48f8,Shared Services Canada,Commvault Cloud backup and Recovery for DND,,,Competitive - Selective tendering,11
SOFTWARE_BROKER_EXPLICIT,Canada,CAD,ten_f3e571730baa3804fd42,Shared Services Canada,"Red Hat OpenShift for Innovation, Science and Economic Development Canada",,,Competitive - Selective tendering,12
SOFTWARE_BROKER_EXPLICIT,Canada - Quebec,CAD,ten_22f9c4c2790595e5672e,Centre d'acquisitions gouvernementales,Contrat à commandes de logiciels Microsoft - Revendeur,,3.0,Contrat de gré à gré,1
SOFTWARE_BROKER_EXPLICIT,Canada - Quebec,CAD,ten_3a5da4dedabd165546b5,Hydro-Québec.,Sélection d'un revendeur des logiciels Microsoft et Adobe,,1.0,Avis d’appel d’offres,2
SOFTWARE_BROKER_EXPLICIT,France,EUR,ten_41481367a723f3f2f026,SM GEAG,FOURNITURE RENOUVELLEMENT DES LICENCES,,,OUVERT/,1
SOFTWARE_BROKER_EXPLICIT,France,EUR,ten_2ac5c62e91f95b5af965,SEMITAN mandataire de Nantes Métropole,Accord-cadre - Renouvellement des distributeurs automatiques de tickets (DAT),,,NEGOCIE/,2
SOFTWARE_BROKER_EXPLICIT,Germany,EUR,ten_3bee539a77978365d9c2,"DB Systel GmbH (Bukr 2B, 44)",EU-Vergabe - Bezug von Microsoft Softwareprodukten über einen Microsoft Licensing Solution Partner,33000000.0,,neg-w-call,1
SOFTWARE_BROKER_EXPLICIT,Germany,EUR,ten_08df6c4f0c0f2f62ed6c,"HAW Hamburg, ITSC-Vergabestelle",Rahmenvereinbarung Veeam Backup Solutions,13500000.0,,open,2
SOFTWARE_BROKER_EXPLICIT,Germany,EUR,ten_41d9500c9f45550b419e,Bundesministerium für Wirtschaft und Energie,Bereitstellung von Cloud-Services für den Betrieb der Förderzentrale Deutschland (FZD),1125000.0,,open,3
SOFTWARE_BROKER_EXPLICIT,Germany,EUR,ten_c3478ec38cffc2ea788d,Goethe-Institut e.V.,Der Goethe-Institut e.V. plant die Beschaffung von Lizenzen und Pflege sowie 3rd-Levelsupport für „Veeam Backup for Microsoft 365“,371000.0,,open,4
SOFTWARE_BROKER_EXPLICIT,Germany,EUR,ten_5371cfb1081b5e071d58,Dataport AöR,Adobe Acrobat Handelspartnerrahmenvertrag,1.0,,open,5
SOFTWARE_BROKER_EXPLICIT,Germany,EUR,ten_668f658093b6d2a05df8,,Proxmox Subscription,,,de-open,6
SOFTWARE_BROKER_EXPLICIT,Germany,EUR,ten_c1e48ecf429037784cd5,kubus IT - Arbeitsgemeinschaft von Körperschaften des öffentlichen Rechts eGbR,Adobe Reseller Rahmenvertrag,,,open,7
SOFTWARE_BROKER_EXPLICIT,Germany,EUR,ten_4aed6f59471c51d8d317,neu-itec GmbH,Beschaffung eines Rahmenvertrages als Microsoft CSP-Reseller im Auftrag der neu-itec GmbH,,,open,8
SOFTWARE_BROKER_EXPLICIT,Germany,EUR,ten_2113f58e4ba486a7eca1,RheinEnergie AG -L-,Lizenzen für Atlassian Suite,,,open,9
SOFTWARE_BROKER_EXPLICIT,Germany,EUR,ten_4e4e936a67dbd9d592cd,"DB Systel GmbH (Bukr 2B, 44)","EU Resellervergabe Software ""VDC Manager""",,,neg-w-call,10
SOFTWARE_BROKER_EXPLICIT,Germany,EUR,ten_d15142650344c68aa554,"DB Systel GmbH (Bukr 2B, 44)",EU-Reseller-Vergabe JFrog-Lizenzen,,,neg-w-call,11
SOFTWARE_BROKER_EXPLICIT,Germany,EUR,ten_53985d69aae1210ca2e1,,Verlängerung Software Subscription VMware by Broadcom,,,de-open,12
SOFTWARE_BROKER_EXPLICIT,Ireland,EUR,ten_adb197d2c90fe0f0aff1,The Office of Government Procurement,PROJ000009607 - ISW024F - Multi Supplier Framework Agreement for the provision of Virtualisation Software and Associated Reseller Services,80000000.0,,Open Procedure,1
SOFTWARE_BROKER_EXPLICIT,Ireland,EUR,ten_1dc4f259a5474a913a8b,The Courts Service,Software Reseller services for Microsoft and other Vendors,12500000.0,,Open Procedure,2
SOFTWARE_BROKER_EXPLICIT,Ireland,EUR,ten_e1fe5ac01b2a5880c338,Department of Defence,Department of Defence - Provision of Software Reseller Services,5628417.0,,Open Procedure,3
SOFTWARE_BROKER_EXPLICIT,Ireland,EUR,ten_7f657b72bd135e8970c2,The Courts Service,The provision of Darktrace Software Reseller Services,3500000.0,,Open Procedure,4
SOFTWARE_BROKER_EXPLICIT,Ireland,EUR,ten_9a8b5c92a24ce52ba851,The Department of Enterprise Tourism and Employment,Software Licencing Reseller Services 2025-2029,2700000.0,,Open Procedure,5
SOFTWARE_BROKER_EXPLICIT,Ireland,EUR,ten_cdb147a2736dbd3df0c2,Department of Justice Home Affairs and Migration,Framework for the supply and support of IBM and HCL Licence Reseller Services to the Department of Justice,2500000.0,,Open Procedure,6
SOFTWARE_BROKER_EXPLICIT,Ireland,EUR,ten_04ab1a7e3c9ec9acffb3,Asiera CLG,Invitation to Express an Interest for the Provision of Services from an Authorised Reseller of Microsoft Dynamics 365,2000000.0,,Competitive Dialogue,7
SOFTWARE_BROKER_EXPLICIT,Ireland,EUR,ten_d03772656dcd823933c8,Irish Defence Forces,Defence Forces Software Reseller Services,1200000.0,,Open Procedure,8
SOFTWARE_BROKER_EXPLICIT,Ireland,EUR,ten_c85877245123bb4cacf2,Raidió Teilifís Éireann ( RTÉ ),25P077 2rn 2641 Software Reseller Services,250000.0,,Open Procedure,9
SOFTWARE_BROKER_EXPLICIT,Ireland,EUR,ten_0149e273efbc977e6294,The Office of Government Procurement,ISW024F-3-004 PROJ000010763 Mini-Competition for Lot 3 Nutanix Virtualisation Software and Associated Reseller Services for the Irish Prison Service,,,Direct Invite – Mini-Competition,10
SOFTWARE_BROKER_EXPLICIT,Ireland,EUR,ten_23b8f57a64bcbb7106bf,The Office of Government Procurement,ISW024F-1-019 PROJ000010794 Mini-Competition for Lot 1 VMware Virtualisation Software and Associated Reseller Services for the Tailte Éireann,,,Direct Invite – Mini-Competition,11
SOFTWARE_BROKER_EXPLICIT,Ireland,EUR,ten_6740f927c11c0ac91f18,The Office of Government Procurement,CFT 6262215 ISW024F-2-003-PROJ000010610 Mini-Competition for Citrix Virtualisation Software and Associated Reseller Services for Department of Social Protection,,,Direct Invite – Mini-Competition,12
SOFTWARE_BROKER_EXPLICIT,LUX,EUR,ted_5bb510d734c8b60244f9,Banque centrale de Luxembourg,IT Software resellers for the Supply of IT standard Software and related Services,461000000.0,,,1
SOFTWARE_BROKER_EXPLICIT,NOR,NOK,ted_75101d63d9799db21f45,Oslo kommune v/ Utviklings- og kompetanseetaten,Procurement of Microsoft License Reseller,1300000000.0,,,1
SOFTWARE_BROKER_EXPLICIT,NOR,NOK,ted_d2304d1d9cafa4efef38,NORGES BANK,Google Cloud Platform Reseller,150000000.0,,,2
SOFTWARE_BROKER_EXPLICIT,Netherlands,EUR,tn_4a8185db8b141fb0fa81,ProRail B.V.,Landelijk - Raamovereenkomst standaard software reseller,504000000.0,,,1
SOFTWARE_BROKER_EXPLICIT,Netherlands,EUR,tn_e176262bb9da974e2e9b,Gemeente Oosterhout,Software reseller Equalit 2023,72000000.0,,,2
SOFTWARE_BROKER_EXPLICIT,Netherlands,EUR,tn_0b7f611b08501fdbeccf,Bizob,Software reseller 2025 e.v. voor 20 organisaties in Noordoost-Brabant en Zuidoost-Brabant,60000000.0,,,3
SOFTWARE_BROKER_EXPLICIT,Netherlands,EUR,tn_42eec52ed9f8fcf3b5c8,Stichting Saxion,Softwarebroker (levering Standaard software),50000000.0,,,4
SOFTWARE_BROKER_EXPLICIT,Netherlands,EUR,tn_6b57834c1c98b85d9caa,Gemeente Twenterand,"EA Softwarebroker; Samen Twente, Noaberkracht Dinkelland en Tubbergen, gemeenten Hellendoorn, Oldenzaal, Rijssen-Holten en Wierden",32730000.0,,,5
SOFTWARE_BROKER_EXPLICIT,Netherlands,EUR,tn_e81063226c7069d4b7d0,Gemeente Leeuwarden,Softwarebroker - gemeente Leeuwarden,29801504.0,,,6
SOFTWARE_BROKER_EXPLICIT,Netherlands,EUR,tn_c3171ca3aebe71cc1e67,Gemeente Almere,Nieuwe software broker,27500000.0,,,7
SOFTWARE_BROKER_EXPLICIT,Netherlands,EUR,tn_9397a61d40e1c58e45c7,gemeente Westland,Softwarebroker Gemeente Westland 2025,24000000.0,,,8
SOFTWARE_BROKER_EXPLICIT,Netherlands,EUR,tn_3180bb057d9e7f8d31bb,Wageningen University & Research,Software Reseller,24000000.0,,,9
SOFTWARE_BROKER_EXPLICIT,Netherlands,EUR,tn_e95b2f59ee8389170731,Gemeente Wassenaar,Software broker,24000000.0,,,10
SOFTWARE_BROKER_EXPLICIT,Netherlands,EUR,tn_47e0602a2fc32fa4d95a,Gemeente Dronten,Softwarebroker,20000000.0,,,11
SOFTWARE_BROKER_EXPLICIT,Netherlands,EUR,tn_8cf37ea49ed38cab3a6a,Provincie Gelderland,Softwarebroker Standaardsoftware,20000000.0,,,12
SOFTWARE_BROKER_EXPLICIT,Netherlands,UNKNOWN,tn_50a545fe2167f2cdbe39,Provincie Utrecht,Softwarebroker-dienstverlening,,,,1
SOFTWARE_BROKER_EXPLICIT,Netherlands,UNKNOWN,tn_0fb56b014b0bac7d017a,Provincie Groningen,Standaard-softwarebroker,,,,2
SOFTWARE_BROKER_EXPLICIT,Netherlands,UNKNOWN,tn_dfcb27fed203c6364610,Gemeente Gooise Meren,Software Reseller,,,,3
SOFTWARE_BROKER_EXPLICIT,Netherlands,UNKNOWN,tn_91d6677aeaf062153690,Bedrijfsvoeringseenheid Bommelerwaard,Softwarebroker,,,,4
SOFTWARE_BROKER_EXPLICIT,Netherlands,UNKNOWN,tn_9b62f98a96048a22c7b0,Gemeente Texel,Softwarebroker Texel 2026,,,,5
SOFTWARE_BROKER_EXPLICIT,Netherlands,UNKNOWN,tn_b9a0bff6e44b7a3a054e,Gemeente Groningen,Standaard Software Reseller 2026,,,,6
SOFTWARE_BROKER_EXPLICIT,Netherlands,UNKNOWN,tn_a443997647bdad0d4766,Nederlandse Organisatie voor toegepast-natuurwetenschappelijk onderzoek TNO,Market Consultation Software Brokers,,,,7
SOFTWARE_BROKER_EXPLICIT,Netherlands,UNKNOWN,tn_0c5f4b8893ee075c182a,RDW,Europese openbare aanbesteding Software reseller in 2 percelen,,,,8
SOFTWARE_BROKER_EXPLICIT,Netherlands,UNKNOWN,tn_ea892eeb7af2cd116377,"Samenwerking De Liemers namens gemeente Duiven, gemeente Westervoort en 1Stroom",Softwarebroker,,,,9
SOFTWARE_BROKER_EXPLICIT,Netherlands,UNKNOWN,tn_a27d50e35c1e90a54112,gemeente Het Hogeland,Softwarebroker,,,,10
SOFTWARE_BROKER_EXPLICIT,Netherlands,UNKNOWN,tn_1d1ec769c64053289950,Provincie Utrecht,Softwarebroker-dienstverlening,,,,11
SOFTWARE_BROKER_EXPLICIT,Netherlands,UNKNOWN,tn_05d7200479bcde209754,Gemeente Lingewaard,Aankondiging in geval van vrijwillige transparantie vooraf: Reseller Microsoft licenties,,,,12
SOFTWARE_BROKER_EXPLICIT,United Kingdom,GBP,ten_e8f540e31cf5919a6d2a,Mid South Essex NHS Foundation Trust,ComIT 4 - ICT Solutions,6000000000.0,,,1
SOFTWARE_BROKER_EXPLICIT,United Kingdom,GBP,ten_8bbdc4e317a83ddd22ec,Mid South Essex NHS Foundation Trust,COMIT4 - ICT Solutions,6000000000.0,,Open procedure,2
SOFTWARE_BROKER_EXPLICIT,United Kingdom,GBP,ten_cb17d62b1590a3fe0f0c,Efficiency East Midlands,Neutral Vendor for ICT Procurement,500000000.0,,Competitive flexible procedure,3
SOFTWARE_BROKER_EXPLICIT,United Kingdom,GBP,ten_0d6f6aadcb9267491c6f,EFFICIENCY EAST MIDLANDS LIMITED,Neutral Vendor for ICT Procurement,500000000.0,,Competitive flexible procedure,4
SOFTWARE_BROKER_EXPLICIT,United Kingdom,GBP,ten_24db16354f24d44cc915,Southern Universities Purchasing Consortium (SUPC),Software License Resellers Agreement (SLRA),450000000.0,,,5
SOFTWARE_BROKER_EXPLICIT,United Kingdom,GBP,ten_4ab490724b37b02ffd65,Scottish Government,Software Value Added Re-seller Services Framework Pin-RFI,300000000.0,,,6
SOFTWARE_BROKER_EXPLICIT,United Kingdom,GBP,ten_efa759efca12a6e97645,Department for Education,Software VAR for Schools,300000000.0,,,7
SOFTWARE_BROKER_EXPLICIT,United Kingdom,GBP,ten_27405122d732b991e698,The Mayor's Office for Policing And Crime,Value Added Reseller,150000000.0,,,8
SOFTWARE_BROKER_EXPLICIT,United Kingdom,GBP,ten_920f5da4666e74a7fc72,Post Office Limited,Software Value Added Reseller,131000000.0,,Using pre-Procurement Act commercial tool,9
SOFTWARE_BROKER_EXPLICIT,United Kingdom,GBP,ten_8e497b9ba2821f600fa0,Dwr Cymru Cyfyngedig,DCWW1860 - Reseller IT and Software Framework,40000000.0,,Competitive flexible procedure,10
SOFTWARE_BROKER_EXPLICIT,United Kingdom,GBP,ten_cd44165524cf5f1a44f4,Somerset Council,Software Reseller,30000000.0,,,11
SOFTWARE_BROKER_EXPLICIT,United Kingdom,GBP,ten_675c8d0cdf4b7a028792,UK Export Finance,UKEF's Software Reseller,30000000.0,,,12
SOFTWARE_CLOUD_RESALE_EXPLICIT,FI,EUR,ted_840a27bc18ee184d97f5,Yleisradio Oy,SaaS-palveluiden ja ohjelmistojen jälleenmyynti,4500000.0,,,1
SOFTWARE_CLOUD_RESALE_EXPLICIT,FI,EUR,ted_64741ea331134d25a75d,HUS-yhtymä,Sisäinen kilpailutus (DPS): HUS 800-2022 Entrust-varmennetuotteiden jälleenmyynti ja jälleenmyyjän palvelut,950000.0,,,2
SOFTWARE_CLOUD_RESALE_EXPLICIT,FI,,ted_c3e06c8f80b3345c268c,HUS-yhtymä,Atlassian Cloud -käyttöoikeuksien jälleenmyynti ja asiantuntijatyöt,,,,1
SOFTWARE_CLOUD_RESALE_EXPLICIT,FIN,EUR,ted_446428af7f6ae78f71b5,Helsingin yliopisto,Ohjelmisto- ja pilvipalvelulisenssien jälleenmyynti,46000000.0,,,1
SOFTWARE_CLOUD_RESALE_EXPLICIT,FIN,EUR,ted_151ce448364869ae9a1a,Helsingin yliopisto,Ohjelmisto- ja pilvipalvelulisenssien jälleenmyynti,46000000.0,,,2
SOFTWARE_CLOUD_RESALE_EXPLICIT,FIN,EUR,ted_5159d9a23a3b40ae96bc,Koulutuskuntayhtymä OSAO,Microsoft-tuotteiden ja -palveluiden käyttöoikeuksien jälleenmyynti,15000000.0,,,3
SOFTWARE_CLOUD_RESALE_EXPLICIT,FIN,EUR,ted_cb8a3bb6f01e948dc114,Oulun yliopisto,Ohjelmisto- ja pilvipalvelulisenssien jälleenmyynti,7000000.0,,,4
SOFTWARE_CLOUD_RESALE_EXPLICIT,FIN,EUR,ted_2cfac646c8c6c6c07713,DigiHelsinki Oy,Adobe-käyttöoikeuksien jälleenmyynti,1900000.0,,,5
SOFTWARE_CLOUD_RESALE_EXPLICIT,FIN,EUR,ted_05af7d6cd67865d6cab0,DigiHelsinki Oy,Adobe-käyttöoikeuksien jälleenmyynti,1900000.0,,,6
SOFTWARE_CLOUD_RESALE_EXPLICIT,FIN,EUR,ted_a386e3d7112cc86d0187,Teknologian tutkimuskeskus VTT Oy,Ohjelmisto- ja pilvipalvelulisenssien jälleenmyynti,950000.0,,,7
SOFTWARE_CLOUD_RESALE_EXPLICIT,FIN,EUR,ted_33d8511684237bc87500,Aalto University Foundation sr,Atlassian Confluence wiki -lisenssien jälleenmyynti,850000.0,,,8
SOFTWARE_CLOUD_RESALE_EXPLICIT,FIN,EUR,ted_adc0a3554f9b26ffc481,Caruna Oy,Carunan Qlik konsultointi ja jälleenmyyntipalvelut,800000.0,,,9
SOFTWARE_CLOUD_RESALE_EXPLICIT,FIN,EUR,ted_5cbf54dfed70051cdc9c,Tornion kaupunki,Microsoft 365 lisenssit ja niihin liittyvät jälleenmyyntipalvelut sekä erikseen tilattavat palvelut,500000.0,,,10
SOFTWARE_CLOUD_RESALE_EXPLICIT,FIN,,ted_5faef305b761310c9400,HUS-yhtymä,"Ohjelmistojen jälleenmyynti, tukipalvelut ja jälleenmyyjän palvelut",,,,1
SOFTWARE_CLOUD_RESALE_EXPLICIT,FIN,,ted_efd0d584330f74b79108,Yleisradio Oy,AWS -julkipilvipalveluiden jälleenmyynti- ja laskutuspalvelut,,,,2
SOFTWARE_CLOUD_RESALE_EXPLICIT,FIN,,ted_c7d974f7da96489a312a,HUS-yhtymä,"Videohaastattelu- ja tallennusjärjestelmä INDICOn lisenssit ja ylläpito (Ohjelmistojen jälleenmyynti, tukipalvelut ja jälleenmyyjän palvelut 2022-2026 DPS)",,,,3
SOFTWARE_CLOUD_RESALE_EXPLICIT,FIN,,ted_400d26bacc848c925c67,HUS-yhtymä,Sisäinen kilpailutus: Virtualisointituote Citrix jälleenmyynti ja jälleenmyyjän palvelut,,,,4
SOFTWARE_CLOUD_RESALE_EXPLICIT,FIN,,ted_86d99f6e56ba7ea3d5a8,Helsingin yliopisto,Ohjelmisto- ja pilvipalvelulisenssien jälleenmyynti,,,,5
SOFTWARE_CLOUD_RESALE_EXPLICIT,FIN,,ted_302e669b7a5970a0d90f,HUS-yhtymä,"Ohjelmistojen jälleenmyynti, tukipalvelut ja jälleenmyyjän palvelut 2022-2026 DPS - PAM, Palvelimien turvallinen hallinta",,,,6
SOFTWARE_CLOUD_RESALE_EXPLICIT,FIN,,ted_7c616dbd3a2859b37c42,CSC - Tieteen tietotekniikan keskus Oy,Microsoft SPLA lisenssien jälleenmyynti sekä siihen liittyvät jälleenmyyjän palvelut,,,,7
SOFTWARE_CLOUD_RESALE_EXPLICIT,FIN,,ted_41b41c862f966e6ab896,HUS-yhtymä,Atlassian Cloud -käyttöoikeuksien jälleenmyynti ja asiantuntijatyöt,,,,8
SOFTWARE_CLOUD_RESALE_EXPLICIT,SWE,SEK,ted_25b307eaa23196381f8d,Sveriges Radio Aktiebolag,Licensspecialist och återförsäljare av programvaror och SAAS-tjänster,400000000.0,,,1
SOFTWARE_CLOUD_RESALE_EXPLICIT,United Kingdom,GBP,ten_b82e386c2296039f8ae7,University of Bristol,Cloud Resale and FinOps for Education & Research in AWS,,,Award procedure without prior publication of a call for competition,1
STAFFING_INTERMEDIARY_EXPLICIT,AUT,EUR,ted_8c9985de0a449dc61fc4,Business Upper Austria - OÖ Wirtschaftsagentur GmbH,"Business Upper Austria - ""Personaldienstleistungen im Projekt GradeUpp""",350000.0,,,1
STAFFING_INTERMEDIARY_EXPLICIT,AUT,,ted_049fd587abc3249f0d19,Künstler-Sozialversicherungsfonds,Rechnungswesen und Personaldienstleistungen für den KSVF,,,,1
STAFFING_INTERMEDIARY_EXPLICIT,AUT,,ted_9a1e5a4548dc064c8420,IT-Services der Sozialversicherung GmbH,Abschluss ITSV/2024/dBS_Personalbeschaffung über Personaldienstleistung und Jobplattformen - Los 4 Jobplattformen,,,,2
STAFFING_INTERMEDIARY_EXPLICIT,BE,,bel_c0dec951a6c06518533ebb44,CPAS d'Andenne,"Accord-cadre - Mise à disposition de personnel infirmier et soignant intérimaire pour notre maison de repos ""La Quiétude/Monjoie""",,,,1
STAFFING_INTERMEDIARY_EXPLICIT,BE,,bel_280c371979a3d3a29ca4d85d,CPAS Woluwe-Saint-Pierre,Terbeschikkingstelling van verplegend en zorgkundig uitzendkrachten voor de Koning Boudewijn Residentie en het kort verblijf Adrienne Gommers gedurend een periode van 48 maanden,,,,2
STAFFING_INTERMEDIARY_EXPLICIT,BE,,bel_9fac1389c1e234a2e7539e52,Centre Hospitalier Universitaire de Liège,"LA CONCLUSION D’UN ACCORD-CADRE AVEC UN SEUL ATTRIBUTAIRE EN VUE DE LA MISE À DISPOSITION DE PERSONNEL INTÉRIMAIRE POUR LE CHU DE LIÈGE, POUR UNE DURÉE DE 4 ANS",,,,3
STAFFING_INTERMEDIARY_EXPLICIT,BE,,bel_bbfe417fb89e5ee12c3bbde5,VVM De Lijn - Techniek,Ter beschikking stellen van uitzendkracht,,,,4
STAFFING_INTERMEDIARY_EXPLICIT,BE,,bel_ec9abea0c8333d45eb43b6a9,Politiezone Regio Rhode en Schelde,Dossier samenwerking met een bestaande organisatie voor de detachering van 2 FTE drugspreventiewerker ten behoeve van de politiezone Wetteren/Laarne/Wichelen en Regio Rhode en Schelde – vernieuwing procedure,,,,5
STAFFING_INTERMEDIARY_EXPLICIT,BE,,bel_17de90be42ebabb14ac7e431,Geraardsbergen,TV uitzending Altebra Muurclassic Geraardsbergen,,,,6
STAFFING_INTERMEDIARY_EXPLICIT,BE,,bel_f2e75adbff9a4b9b66db9ea1,Gingelom,Prijsvraag: huur groot scherm + geluid voor uitzendingen voetbal WK 2026,,,,7
STAFFING_INTERMEDIARY_EXPLICIT,BE,,bel_aebb1f5d2f08fae861aaf681,Régie theutoise,Désignation d'une agence d'intérim - 2026-2030,,,,8
STAFFING_INTERMEDIARY_EXPLICIT,BE,,bel_6c841adf53402a9e519a644a,Mutualité Solidaris Liège,Désignation d’une entreprise de travail intérimaire pour les éditions 2026 à 2029 du Solidaris Day sur le territoire de Liège,,,,9
STAFFING_INTERMEDIARY_EXPLICIT,BE,,bel_aea2b2d9a4487263a2182a1c,Farys,Raamovereenkomst met betrekking tot het aanstellen van meerdere dienstverleners voor het aanleveren van bedrijfseconomisch en fiscaal advies incl. tijdelijke detachering.,,,,10
STAFFING_INTERMEDIARY_EXPLICIT,BE,,bel_b8a9c7b6e5637c02d55c7fe3,Infrabel - Goods & Services,Nationale markt voor uitzendkrachten,,,,11
STAFFING_INTERMEDIARY_EXPLICIT,BE,,bel_83556913df54c70a31a1df91,in BW Association Intercommunale,Accord-cadre pour les besoins résiduels en personnel intérimaire,,,,12
STAFFING_INTERMEDIARY_EXPLICIT,CHE,,ted_89490e705ef35c779881,Fondation Ensemble,Contrat-cadre pour prestation de placement de personnel intérimaire,,,,1
STAFFING_INTERMEDIARY_EXPLICIT,CHE,,ted_dddca6a4dc18f21e84e5,Unité achats Hospice général,Contrat cadre pour des prestations de personnel intérimaire,,,,2
STAFFING_INTERMEDIARY_EXPLICIT,CI,EUR,ted_9a1d1da77e43f6e804dd,République de Côte d'Ivoire,Assistance technique au projet d'appui à la mise en oeuvre de l'accord de partenariat économique intérimaire en Côte d'Ivoire,3450000.0,,,1
STAFFING_INTERMEDIARY_EXPLICIT,Canada,CAD,ten_79021b706b0ca7024a3b,Department of National Defence (DND),"NPP – S6048508 - THS SA – Two (2) Computer, Application Support. Temporary Help Services against the Supply Arrangement for the National Capital Region (NCR).",,,Competitive - Selective tendering,1
STAFFING_INTERMEDIARY_EXPLICIT,Canada,CAD,ten_bdd36037d6cf1d328bab,Department of National Defence (DND),NPP –S5837562 - THS SA – One (1) 10.6 Technical writer. Temporary Help Services against the Supply Arrangement for the National Capital Region(NCR).,,,Competitive - Selective tendering,2
STAFFING_INTERMEDIARY_EXPLICIT,Canada,CAD,ten_692763521f4fb0677247,Department of National Defence (DND),NPP – S5939366 - THS SA – One (1) Special Advisor. Temporary Help Services against the Supply Arrangement for the National Capital Region (NCR).,,,Competitive - Selective tendering,3
STAFFING_INTERMEDIARY_EXPLICIT,Canada,CAD,ten_4608279d82e5ace31c5e,Department of National Defence (DND),NPP – S6041361 - THS SA – One (1) Special Advisor. Temporary Help Services against the Supply Arrangement for the National Capital Region (NCR).,,,Competitive - Selective tendering,4
STAFFING_INTERMEDIARY_EXPLICIT,Canada,CAD,ten_bb668ce049cac9916e02,Department of National Defence (DND),NPP – S5833939 - THS SA – One (1) Computer Application Support. Temporary Help Services against the Supply Arrangement for the National Capital Region (NCR).,,,Competitive - Selective tendering,5
STAFFING_INTERMEDIARY_EXPLICIT,Canada,CAD,ten_5c9a724643bb88821111,Department of National Defence (DND),NPP – S5833934 - THS SA – One (1) Special Advisor. Temporary Help Services against the Supply Arrangement for the National Capital Region (NCR).,,,Competitive - Selective tendering,6
STAFFING_INTERMEDIARY_EXPLICIT,Canada,CAD,ten_9e367a6fd85b5e0777a8,Department of National Defence (DND),NPP – S5833916 - THS SA – One (1) Special Adivor. Temporary Help Services against the Supply Arrangement for the National Capital Region.,,,Competitive - Selective tendering,7
STAFFING_INTERMEDIARY_EXPLICIT,Canada,CAD,ten_1287805e9ebdf4ca4112,Department of National Defence (DND),NPP – S5833895- THS SA – One (1) Special Adivisor. Temporary Help Services against the Supply Arrangement for the National Capital Region,,,Competitive - Selective tendering,8
STAFFING_INTERMEDIARY_EXPLICIT,Canada,CAD,ten_62764fc41d05c37285e9,Department of Health (HC),THS - 13.5 Program Administration - Senior,,,Competitive - Selective tendering,9
STAFFING_INTERMEDIARY_EXPLICIT,Canada,CAD,ten_2a52771c8c71718c5f31,Department of National Defence (DND),"NPP – S6040867 - THS SA – One (1) Engineer, electrical. Temporary Help Services against the Supply Arrangement for the National Capital Region (NCR).",,,Competitive - Selective tendering,10
STAFFING_INTERMEDIARY_EXPLICIT,Canada,CAD,ten_1c54c3b136a422f20ff4,Department of National Defence (DND),NPP – S5967455 - THS SA – One (1) Computer Application Support. Temporary Help Services against the Supply Arrangement for the National Capital Region (NCR).,,,Competitive - Selective tendering,11
STAFFING_INTERMEDIARY_EXPLICIT,Canada,CAD,ten_3f8dff19bd7e9561e699,Department of Indigenous Services (ISC),Temporary Help Services for Medical Transportation Team,,,Competitive - Selective tendering,12
STAFFING_INTERMEDIARY_EXPLICIT,Canada - Quebec,CAD,ten_21791a7229605d070b5b,Centre de services scolaire des Patriotes,Main d’œuvre spécialisée en entretien ménager (Services à exécution sur demande pour le ménage d’été et en service intérimaire),334399.0,5.0,Avis d’appel d’offres,1
STAFFING_INTERMEDIARY_EXPLICIT,Canada - Quebec,CAD,ten_5674081e7b520c279f8c,Société de transport de Montréal,Services professionnels de soutien d'arbitrage intérimaire IS70,,1.0,Contrat de gré à gré,2
STAFFING_INTERMEDIARY_EXPLICIT,Canada - Quebec,CAD,ten_8cfb98b9fa6c3e71251a,Société de transport de Montréal,Services professionnels de soutien d'arbitrage intérimaire IS70,,1.0,Contrat de gré à gré,3
STAFFING_INTERMEDIARY_EXPLICIT,Canada - Quebec,CAD,ten_483731405d5d7f6db918,Centre de services scolaire des Patriotes,MAIN D’ŒUVRE SPÉCIALISÉE EN ENTRETIEN MÉNAGER (Entretien ménager à exécution sur demande – travaux d’été et intérimaires),,,Avis d’appel d’offres,4
STAFFING_INTERMEDIARY_EXPLICIT,Canada - Quebec,CAD,ten_cf43c1f95d1f692bf546,Société de transport de Montréal,Services professionnels de soutien d'arbitrage intérimaire CI12,,1.0,Contrat de gré à gré,5
STAFFING_INTERMEDIARY_EXPLICIT,Canada - Quebec,CAD,ten_429e9c809564b61b4f1f,Société de transport de Montréal,Services professionnels de soutien d'arbitrage intérimaire CI12,,1.0,Contrat de gré à gré,6
STAFFING_INTERMEDIARY_EXPLICIT,Canada - Quebec,CAD,ten_5277b2034d6f1da83457,Collège Lionel-Groulx,842 - Phase intérimaire - Installation d'une serre et services connexes,,1.0,Avis d’appel d’offres,7
STAFFING_INTERMEDIARY_EXPLICIT,Canada - Quebec,CAD,ten_781e419e38ed991455f3,Collège Lionel-Groulx,Phase intérimaire Ferme-école,,2.0,Avis d’appel d’offres,8
STAFFING_INTERMEDIARY_EXPLICIT,Canada - Quebec,CAD,ten_b15bb6f34ed7d0de2f35,SANTÉ QUÉBEC - Centre Hospitalier de l'Université de Montréal (CHUM),Intérim du poste du directeur de la recherche et de l'innovation,,1.0,Contrat de gré à gré,9
STAFFING_INTERMEDIARY_EXPLICIT,Canada - Quebec,CAD,ten_e17b86759cb17293a8a2,Société de transport de Montréal,Services professionnels de soutien d'arbitrage intérimaire CI12,,1.0,Contrat de gré à gré,10
STAFFING_INTERMEDIARY_EXPLICIT,Canada - Quebec,CAD,ten_ddeb5d5bd880b0de2c81,Société de transport de Montréal,Services professionnels de soutien d'arbitrage intérimaire IS70,,1.0,Contrat de gré à gré,11
STAFFING_INTERMEDIARY_EXPLICIT,Canada - Quebec,CAD,ten_53f5750e0bfa9015df17,Centre de services scolaire des Patriotes,MAIN D’ŒUVRE SPÉCIALISÉE EN ENTRETIEN MÉNAGER (Entretien ménager à exécution sur demande – travaux d’été et intérimaires),,6.0,Avis d’appel d’offres,12
STAFFING_INTERMEDIARY_EXPLICIT,France,EUR,ten_e1b6085fdab222027a3b,Conseil départemental Loire Atlantique,Prestations de mise à disposition de personnel intérimaire pour le compte du Centre Départemental Enfance Familles (CDEF),,,OUVERT/,1
STAFFING_INTERMEDIARY_EXPLICIT,France,EUR,ten_03194e8d3818017f185a,Chambre de Métiers et de l’Artisanat de Région Bretagne,Prestation de mise à disposition de personnels intérimaires pour les besoins de la CMA Bretagne,,,OUVERT/,2
STAFFING_INTERMEDIARY_EXPLICIT,France,EUR,ten_879bb26abbf024793940,Comité de concertation et de coordination de l'apprentissage du Btp,Services de mise à disposition de personnels temporaires pour le Ccca-Btp,,,OUVERT/,3
STAFFING_INTERMEDIARY_EXPLICIT,France,EUR,ten_950038f382aa983fd0f1,VICHY DESTINATIONS,Marché de mise à disposition du personnel intérimaire,,,PROCEDURE_ADAPTE/,4
STAFFING_INTERMEDIARY_EXPLICIT,France,EUR,ten_3303d1cfcdb01d981f19,Centre Hospitalier Louis Constant Fleming (978),Prestation d'intérim et de mise en relation de personnel médical et non médical pour le GHT des Iles du Nord,,,OUVERT/,5
STAFFING_INTERMEDIARY_EXPLICIT,France,EUR,ten_496148b21191bbd0373d,SPL Energies Reunion,MISE À DISPOSITION DE PERSONNELS INTÉRIMAIRES,,,OUVERT/,6
STAFFING_INTERMEDIARY_EXPLICIT,France,EUR,ten_18b4eca37033925303a4,Conseil départemental d'Indre et Loire,Mise à disposition de personnels intérimaires pour les besoins de l'Institut départemental de l'enfance et de la famille (Idef) 37,,,OUVERT/,7
STAFFING_INTERMEDIARY_EXPLICIT,France,EUR,ten_b85b48bf34b5d96577f9,ROANNAIS AGGLOMERATION,Prestation de mise à disposition de personnel intérimaire pour les services de Roannais Agglomération - Marché réservé SIAE,,,OUVERT/,8
STAFFING_INTERMEDIARY_EXPLICIT,France,EUR,ten_e773aebcef69612171ab,Chaillot - Théâtre National de la Danse,Mise à disposition ponctuelle de personnels temporaires (intérimaires),,,OUVERT/,9
STAFFING_INTERMEDIARY_EXPLICIT,France,EUR,ten_f69e3772e7734f9547b1,Conseil départemental du Loiret,Accord-cadre - Mise à disposition de personnels intérimaires à la Maison départementale de l'Enfance -Conseil départemental du Loiret,,,OUVERT/,10
STAFFING_INTERMEDIARY_EXPLICIT,France,EUR,ten_f176fb82a783ce85cda3,SPL TRI-O (32),Mise à disposition et gestion de personnel intérimaire pour les besoins de la SPL TRI-O,,,OUVERT/,11
STAFFING_INTERMEDIARY_EXPLICIT,France,EUR,ten_af0ad97a804d21257956,Département des Hauts-de-Seine,Prestations de mise à disposition de personnels intérimaires pour les cuisines des établissements de l'Aide Sociale à l'Enfance,,,OUVERT/,12
STAFFING_INTERMEDIARY_EXPLICIT,Germany,EUR,ten_ddab802bcc8aca123d2a,Rhein-Kreis Neuss - Die Landrätin - Amt ZS 5.1 - Wirtschaftsförderung,"ST 26017 Wettbewerblicher Dialog Planung, Bau und Betrieb der Medical Science City im Rhein-Kreis Neuss",155000000.0,,comp-dial,1
STAFFING_INTERMEDIARY_EXPLICIT,Germany,EUR,ten_69dae6dc4a0517b80a2e,"Land Rheinland Pfalz, vertreten durch den Landesbetrieb Daten und Information Rheinland-Pfalz (LDI)",IT-Personaldienstleistungen Rahmenvereinbarung 2026,77391468.69,,open,2
STAFFING_INTERMEDIARY_EXPLICIT,Germany,EUR,ten_fdb7ec3bd92ddb228030,Landesbetrieb Daten und Information Rheinland-Pfalz (LDI),IT-PDL 2025 - Neuausschreibung Los 2 - Wiederveröffentlichung,64018906.0,,open,3
STAFFING_INTERMEDIARY_EXPLICIT,Germany,EUR,ten_d87fbcbdd14675701d36,Landesbetrieb Daten und Information Rheinland-Pfalz (LDI),IT-PDL 2025 - Neuausschreibung Los 2,64018906.0,,open,4
STAFFING_INTERMEDIARY_EXPLICIT,Germany,EUR,ten_ddd2cd2b54847c95488b,Landesbetrieb Daten und Information Rheinland-Pfalz (LDI),E-Akte RLP und digitale Personalakte 2025,24970000.0,,open,5
STAFFING_INTERMEDIARY_EXPLICIT,Germany,EUR,ten_4ce7cb48e4a8dd3677ba,Landesbetrieb Daten und Information Rheinland-Pfalz (LDI),Ausschreibung PDL POL 2024,24970000.0,,open,6
STAFFING_INTERMEDIARY_EXPLICIT,Germany,EUR,ten_88c1d31a053adc142d2b,DB Zeitarbeit GmbH (Bukr 83),Personalüberlassung von Busfahrern (bundesweit) für DB Regio AG (Bus) HF3/23/001,23855104.0,,neg-w-call,7
STAFFING_INTERMEDIARY_EXPLICIT,Germany,EUR,ten_fd17baae9f77aa37e7bf,"Land Hessen, vertreten durch die Hessische Zentrale für Datenverarbeitung",Elektronische Aufenthaltsüberwachung in zwei Losen,14463600.0,,open,8
STAFFING_INTERMEDIARY_EXPLICIT,Germany,EUR,ten_6aa50bbe6c2f8f4234f0,"Land Rheinland Pfalz, vertreten durch den Landesbetrieb Daten und Information Rheinland-Pfalz (LDI)",SAP-Personaldienstleistungen Rahmenvereinbarung 2026,12625371.84,,open,9
STAFFING_INTERMEDIARY_EXPLICIT,Germany,EUR,ten_a9e4e2c58a22fa95606c,"Senatsverwaltung für Bildung, Jugend und Familie",Rahmenvertrag Personaldienstleistungen,11000000.0,,neg-w-call,10
STAFFING_INTERMEDIARY_EXPLICIT,Germany,EUR,ten_508bbcabdd2a7c3d5868,Betriebssitz Gelsenkirchen,Arbeitnehmerüberlassung im Straßenunterhaltungsdienst-Winterdienst,7880000.0,,open,11
STAFFING_INTERMEDIARY_EXPLICIT,Germany,EUR,ten_5d71f9ec4ca722c11104,UNIVERSITÄTSMEDIZIN der Johannes Gutenberg-Universität Mainz,Arbeitnehmerüberlassung Pflege,3000000.0,,open,12
STAFFING_INTERMEDIARY_EXPLICIT,LUX,EUR,ted_bea0d618cc77d8b6c460,Ecole Européenne Luxembourg 2,Service d'intérim,160000.0,,,1
STAFFING_INTERMEDIARY_EXPLICIT,LUX,EUR,ted_c27ed5f2b55b096e2d0d,Ecole Européenne Luxembourg 2,Services d'intérim,160000.0,,,2
STAFFING_INTERMEDIARY_EXPLICIT,LUX,,ted_7d5ecf9697863a9b94cc,"Commission européenne, DG HR - Human Resources and Security","Prestation de services de travailleurs intérimaires auprès des institutions, organes et agences de l’Union européenne établis au Grand-Duché de Luxembourg",,,,1
STAFFING_INTERMEDIARY_EXPLICIT,LUX,,ted_5532bbd377b42492c0e9,Luxembourg Institute of Health,Accord cadre multi-attributaire en vue de prestations de services de Travail Intérimaire pour les besoins du LIH,,,,2
STAFFING_INTERMEDIARY_EXPLICIT,LUX,,ted_8ea24f153d4d45fd0fd4,Caisse nationale de santé Luxembourg,Recours aux services de travail intérimaire,,,,3
STAFFING_INTERMEDIARY_EXPLICIT,MK,,ted_0f97ade2f369c1299492,FOD DOOEL Novaci AD ESM Skopje,Labour hire,,,,1
STAFFING_INTERMEDIARY_EXPLICIT,NOR,NOK,ted_5a0ac7ac34a960bd3caf,Trondheim kommune,Staffing services - health,900000000.0,,,1
STAFFING_INTERMEDIARY_EXPLICIT,NOR,NOK,ted_2fb2a61721b4f64850be,Trondheim kommune,"Staffing services - education, cleaning, mercantile etc.",320000000.0,,,2
STAFFING_INTERMEDIARY_EXPLICIT,NOR,NOK,ted_60c121fa1fbcd4bc41a4,The Research Council of Norway,Staffing services for the Research Council of Norway,50000000.0,,,3
STAFFING_INTERMEDIARY_EXPLICIT,NOR,NOK,ted_03b76af0286a4106876b,Norges forskningsråd,Framework agreement for staffing services for the Research Council of Norway,45000000.0,,,4
STAFFING_INTERMEDIARY_EXPLICIT,NOR,NOK,ted_e0dbd7988867f7993fb7,Malvik kommune,Contract award notice: Staffing services health (NY),44000000.0,,,5
STAFFING_INTERMEDIARY_EXPLICIT,NOR,NOK,ted_0d69cc1a37460618e776,Malvik kommune,Contract award notice: Staffing services for health.,44000000.0,,,6
STAFFING_INTERMEDIARY_EXPLICIT,NOR,NOK,ted_338e59e38e5591f84812,NORGES BANK,Temporary staffing - parallel framework agreements,30000000.0,,,7
STAFFING_INTERMEDIARY_EXPLICIT,NOR,NOK,ted_34fd4adf001a05ee549a,Malvik kommune,"Framework agreement for staffing services for education, cleaning and commercial",16000000.0,,,8
STAFFING_INTERMEDIARY_EXPLICIT,NOR,NOK,ted_c389a36160b82afa1271,OFA IKS,Framework agreement - Temporary staffing services.,10000000.0,,,9
STAFFING_INTERMEDIARY_EXPLICIT,NOR,NOK,ted_4ed7d9abf59ce669e8f5,Norges Handelshøyskole,Framework agreement for staffing services,9000000.0,,,10
STAFFING_INTERMEDIARY_EXPLICIT,NOR,NOK,ted_43ff680432d68d326925,Vestfold fylkeskommune,Framework agreement for staffing services for the privatist exam.,6000000.0,,,11
STAFFING_INTERMEDIARY_EXPLICIT,NOR,,ted_5c079a3d16d95315da2f,UNIVERSITETET I BERGEN,ANSK-25-0565 Framework agreement Staffing services,,,,1
STAFFING_INTERMEDIARY_EXPLICIT,NOR,,ted_d11c2a9b937487482dfc,Tromsø kommune,Staffing services within cleaning.,,,,2
STAFFING_INTERMEDIARY_EXPLICIT,NOR,,ted_325ebd88c60ae20387dc,Tromsø kommune,RFI - Staffing services within cleaning.,,,,3
STAFFING_INTERMEDIARY_EXPLICIT,NOR,,ted_0beebddd25b77b951711,Trondheim kommune,"Staffing services - education, cleaning, mercantile etc.",,,,4
STAFFING_INTERMEDIARY_EXPLICIT,NOR,,ted_34016dcc7e8fde218535,Flatanger Kommune,"Health staffing services, framework agreement.",,,,5
STAFFING_INTERMEDIARY_EXPLICIT,NOR,,ted_952ef7e578732d21fd62,Trondheim kommune,"MARKET DIALOGUE - Staffing services - education, cleaning, mercantile etc.",,,,6
STAFFING_INTERMEDIARY_EXPLICIT,NOR,,ted_0b2a943fa415a4b2b096,Trondheim kommune,Staffing services - health - market dialogue,,,,7
STAFFING_INTERMEDIARY_EXPLICIT,NOR,,ted_ef1e9ef901edfb34e659,Halden Kommune,Framework agreements for the procurement of staffing services for the welfare sector - a new competition,,,,8
STAFFING_INTERMEDIARY_EXPLICIT,NOR,,ted_f3557d6e224ec3dd5fed,Halden Kommune,Framework agreements for the procurement of staffing services for the welfare sector.,,,,9
STAFFING_INTERMEDIARY_EXPLICIT,NOR,,ted_93a502c6594abdf7b8c1,NORDRE FOLLO KOMMUNE,Temporary staffing and staffing services.,,,,10
STAFFING_INTERMEDIARY_EXPLICIT,Netherlands,EUR,tn_4827cb9d5512fd2a3d89,Gemeente Den Haag,Raamovereenkomst Uitzendkrachten 2024,150000000.0,,,1
STAFFING_INTERMEDIARY_EXPLICIT,Netherlands,EUR,tn_d6947409882ad8bd766d,Politie,Inhuur Uitzendkrachten,84000000.0,,,2
STAFFING_INTERMEDIARY_EXPLICIT,Netherlands,EUR,tn_41679b3657167b7bd187,Inkoop Uitvoeringscentrum Dienst Justitiële Inrichtingen (IUC DJI),Inhuur van Flexibele Arbeidskrachten op basis van een Uitzendovereenkomst ten behoeve van Defensie (IFA Defensie 2023),81000000.0,,,3
STAFFING_INTERMEDIARY_EXPLICIT,Netherlands,EUR,tn_cfa4126e7efd73f990c4,Gemeente Groningen,Ter beschikking stellen van Inleenkrachten op basis van de CAO voor Uitzendkrachten,55000000.0,,,4
STAFFING_INTERMEDIARY_EXPLICIT,Netherlands,EUR,tn_e744ebf844360345e842,Stichting Regionaal Inkoopbureau IJmond & Kennemerland,Uitzenden & Payrolling voor bij Stichting RIJK aangesloten gemeenten,45000000.0,,,5
STAFFING_INTERMEDIARY_EXPLICIT,Netherlands,EUR,tn_1dc016670244f171f0a8,NS Groep N.V.,BOA uitzendkrachten,42500000.0,,,6
STAFFING_INTERMEDIARY_EXPLICIT,Netherlands,EUR,tn_3e78fc46b46022dc168c,Technische Universiteit Delft,Europese Aanbesteding Uitzendkrachten,35000000.0,,,7
STAFFING_INTERMEDIARY_EXPLICIT,Netherlands,EUR,tn_6b69044ebff7b30db211,Waterschap Vechtstromen,Europese openbare aanbesteding 'Uitzenddienstverlening ten behoeve van Waterkracht',25252500.0,,,8
STAFFING_INTERMEDIARY_EXPLICIT,Netherlands,EUR,tn_ddefaa446d6845fe2a86,SED Organisatie,Inhuur uitzendkrachten en payrollmedewerkers,14050827.0,,,9
STAFFING_INTERMEDIARY_EXPLICIT,Netherlands,EUR,tn_a2e4524bc1d3199065ea,CAK,Inhuur Uitzendkrachten & Specialistisch personeel,14000000.0,,,10
STAFFING_INTERMEDIARY_EXPLICIT,Netherlands,EUR,tn_84b966358cd14f4a2d20,Gemeente Haarlem,Inhuur flexibele arbeid t/m schaal 9 (uitzendbureaus),13000000.0,,,11
STAFFING_INTERMEDIARY_EXPLICIT,Netherlands,EUR,tn_061129cdbf02498d09a3,Gemeente Lelystad,inhuur van Internationale Uitzendkrachten voor de Opvang Vluchtelingen Lelystad,12000000.0,,,12
STAFFING_INTERMEDIARY_EXPLICIT,Netherlands,UNKNOWN,tn_2f4a8697c85883400c32,Gemeente Tytsjerksteradiel,Inhuur Uitzendkrachten Buitendienst,,,,1
STAFFING_INTERMEDIARY_EXPLICIT,Netherlands,UNKNOWN,tn_886f1bbdf2bee3298967,Erasmus Universiteit Rotterdam,Inhuur Uitzendkrachten,,,,2
STAFFING_INTERMEDIARY_EXPLICIT,Netherlands,UNKNOWN,tn_fc903ad483fef2f06757,Gemeente Leiden,A04.103.2025 Marktconsultatie Raamovereenkomst Uitzendkrachten,,,,3
STAFFING_INTERMEDIARY_EXPLICIT,Netherlands,UNKNOWN,tn_878db19a1db233bc2624,Tweede Kamer der Staten-Generaal,Europese openbare aanbesteding Inhuur van Horecapersoneel (uitzendkrachten),,,,4
STAFFING_INTERMEDIARY_EXPLICIT,Netherlands,UNKNOWN,tn_35a6fce200354a7f5494,Sportbedrijf Rotterdam B.V.,EA Inhuur uitzendkrachten,,,,5
STAFFING_INTERMEDIARY_EXPLICIT,Netherlands,UNKNOWN,tn_1b902b72626cadf0b502,N.V. HVC,HVC - Flexibele inhuur van uitzendkrachten,,,,6
STAFFING_INTERMEDIARY_EXPLICIT,Netherlands,UNKNOWN,tn_a201862e7425032e0dd0,Rijnvicus B.V.,Aanbesteding uitzendkrachten,,,,7
STAFFING_INTERMEDIARY_EXPLICIT,Netherlands,UNKNOWN,tn_5fbc51091d6c488db50d,Stedin Groep Services B.V.,Inhuur van uitzendkrachten,,,,8
STAFFING_INTERMEDIARY_EXPLICIT,Netherlands,UNKNOWN,tn_9da1f84bea44b8e8943d,Stichting Hogeschool van Arnhem en Nijmegen,Marktconsultatie Uitzendkrachten en Werving & Selectie,,,,9
STAFFING_INTERMEDIARY_EXPLICIT,Netherlands,UNKNOWN,tn_ff4d905e8a1f1f565170,Veiligheidsregio Haaglanden,Uitzendkrachten en Payroll,,,,10
STAFFING_INTERMEDIARY_EXPLICIT,Netherlands,UNKNOWN,tn_ba69ad1f6687cf37fe97,Stichting Yuverta,"Inhuur personeel (uitzenden, detacheren en payroll)",,,,11
STAFFING_INTERMEDIARY_EXPLICIT,Netherlands,UNKNOWN,tn_e25d588c18973c356dd0,Scholengroep LingeRijn,Inhuur personeel (uitzenden en detacheren),,,,12
STAFFING_INTERMEDIARY_EXPLICIT,SWE,EUR,ted_117d7dfd1713befb839f,Lantmäteriet,"Staffing Services, Bosnia and Herzegovina",250000.0,,,1
STAFFING_INTERMEDIARY_EXPLICIT,United Kingdom,GBP,ten_e8c0d16e7f7a29903060,The Minister for the Cabinet Office acting through Crown Commercial Service (CCS),Supply Teachers and Temporary Staff 2 (STaTS 2),650000000.0,,,1
STAFFING_INTERMEDIARY_EXPLICIT,United Kingdom,GBP,ten_29cc135f449c23472f4e,"Connect2Framework for the supply of Specialist Social Care, Education & Community Interim and temporary staffing Services to the Public Sector","Connect2Framework for the supply of Specialist Social Care, Education & Community Interim and temporary staffing Services to the Public Sector",110000000.0,,Open procedure,2
STAFFING_INTERMEDIARY_EXPLICIT,United Kingdom,GBP,ten_47cc3dec2856b34997f9,Connect2Framework for The Supply of Legal Services to the Public Sector,Connect2Framework for The Supply of Specialist Legal Services & Support interim and Temporary staffing services to the Public Sector,110000000.0,,Open procedure,3
STAFFING_INTERMEDIARY_EXPLICIT,United Kingdom,GBP,ten_ad774b495435064839db,Connect2Framework for The Supply of Professional & Operational Support Interim & Temporary agency Staff to the Public Sector,Connect2Framework for The Supply of Specialist Legal Services & Support interim and Temporary staffing services to the Public Sector,110000000.0,,Open procedure,4
STAFFING_INTERMEDIARY_EXPLICIT,United Kingdom,GBP,ten_6d991943d3eee5a0e504,Buckinghamshire Council,Temporary Agency Staffing Contract Including Interpreters and Translators,64000000.0,,,5
STAFFING_INTERMEDIARY_EXPLICIT,United Kingdom,GBP,ten_408d4922abe4d9d47f11,The Royal Wolverhampton NHS Trust,RWT/CON/1573,12930000.0,,,6
STAFFING_INTERMEDIARY_EXPLICIT,United Kingdom,GBP,ten_355cb0f163a197dc7294,Oxford City Council,Recruitment Services,10000000.0,,,7
STAFFING_INTERMEDIARY_EXPLICIT,United Kingdom,GBP,ten_fe782729cda82a9c8a94,Metropolitan borough of Bury,Temporary Staffing Supply,9835129.0,,Award under framework,8
STAFFING_INTERMEDIARY_EXPLICIT,United Kingdom,GBP,ten_d75d3041f76cbeaee029,East Surrey College,Agency Staffing Framework 2026/27,2500000.0,,Open procedure,9
STAFFING_INTERMEDIARY_EXPLICIT,United Kingdom,GBP,ten_fb39b98f56c7ae81e192,East Surrey College,Agency Staffing Framework 2026/27,2500000.0,,Open procedure,10
STAFFING_INTERMEDIARY_EXPLICIT,United Kingdom,GBP,ten_76650705614307257d04,South London and Maudsley,Staff Bank and Agency Staffing,1500000.0,,,11
STAFFING_INTERMEDIARY_EXPLICIT,United Kingdom,GBP,ten_bdb0ef4002b7a882f35b,South London and Maudsley,Staff Bank and Agency Staffing,1500000.0,,,12
