sub_niche,parent_lane,warehouse_source,country,route,currency,records,buyers,repeat_buyers,repeat_buyer_rate_pct,median_estimated_value,award_value_rows,p25_award_value,median_award_value,p75_award_value,bidder_rows,median_bidders,single_bid_pct,supplier_count,top_supplier_share_pct,hhi,ai_leverage_1_5,subcontractability_1_5,delivery_gate_risk_1_5,working_capital_risk_1_5,ticket_fit_1_5,competition_fit_1_5,recurrence_fit_1_5,fragmentation_fit_1_5,spm_hunt_score,market_motion
DE · Website maintenance / support,WEB_DIGITAL,Germany,GERMANY,OPEN_PUBLIC,EUR,123,42,7,16.67,2905408.335,23,111500.0,393000.0,1094960.0,30,3.5,13.33,37,4.76,294.78,5.0,3.0,2.5,1.0,5.0,3.6666666666666665,3.0,5.0,81.91,OPEN_HUNT
FR · General graphic design,CREATIVE,France,FRANCE,OPEN_PUBLIC,EUR,104,87,12,13.79,,11,129200.0,200000.0,235000.0,0,,,27,5.26,484.1,5.0,3.5,2.0,1.0,5.0,3.0,2.655172413793103,4.973684210526316,81.83,OPEN_HUNT
FR · Human interpreting,LANGUAGE,France,FRANCE,OPEN_PUBLIC,EUR,150,119,21,17.65,,24,56291.979999999996,363000.0,1185800.0,0,,,50,2.86,255.59,4.5,4.0,4.0,1.5,5.0,3.0,3.1176470588235294,5.0,81.27,OPEN_HUNT
FR · Website maintenance / hosting / support,WEB_DIGITAL,France,FRANCE,OPEN_PUBLIC,EUR,111,103,7,6.8,,20,203391.0,260000.0,516867.25,0,,,13,7.69,769.23,5.0,3.0,2.5,1.0,5.0,3.0,1.8155339805825244,4.730769230769231,78.32,OPEN_HUNT
FR · Written translation,LANGUAGE,France,FRANCE,OPEN_PUBLIC,EUR,63,59,4,6.78,,12,157000.0,190000.0,257500.0,0,,,22,6.67,600.0,4.5,4.0,2.0,1.5,5.0,3.0,1.8135593220338984,4.833333333333333,78.25,OPEN_HUNT
FR · Publication layout / DTP,CREATIVE,France,FRANCE,OPEN_PUBLIC,EUR,45,41,4,9.76,,6,59508.5,98267.0,203000.0,0,,,13,10.0,925.0,5.0,3.5,2.0,1.0,5.0,3.0,2.1707317073170733,4.5,78.01,OPEN_HUNT
CA · Written translation,LANGUAGE,Canada federal,CANADA,OPEN_PUBLIC,CAD,37,27,6,22.22,,12,209741.25,326214.28,662333.4375,0,,,11,22.22,1234.57,4.5,4.0,2.0,1.5,5.0,3.0,3.6666666666666665,3.2777777777777777,77.02,OPEN_HUNT
QC · General commercial print production,OTHER,Quebec,CANADA - QUEBEC,OPEN_PUBLIC,CAD,43,26,9,34.62,,64,23801.907499999998,129800.0,289690.4,65,2.0,26.15,29,13.85,650.89,2.5,2.5,2.0,1.0,5.0,4.666666666666667,5.0,4.115384615384615,76.44,OPEN_HUNT
FR · Meeting / debate transcription,LANGUAGE,France,FRANCE,OPEN_PUBLIC,EUR,45,42,3,7.14,,11,280000.0,408000.0,557175.0,0,,,9,14.29,1292.52,4.5,4.0,2.0,1.5,5.0,3.0,1.8571428571428572,4.071428571428571,76.21,OPEN_HUNT
FR · Communication collateral printing,PRINT_BROKER,France,FRANCE,OPEN_PUBLIC,EUR,408,343,54,15.74,,57,120000.0,240000.0,600000.0,0,,,149,1.09,86.2,2.0,5.0,3.0,4.0,5.0,3.0,2.8892128279883385,5.0,76.12,OPEN_HUNT
FR · Website redesign / development,WEB_DIGITAL,France,FRANCE,OPEN_PUBLIC,EUR,70,61,9,14.75,,8,100886.25,202595.17,240750.0,0,,,6,28.57,1836.73,5.0,3.0,2.5,1.0,5.0,3.0,2.7704918032786887,2.6428571428571432,75.82,OPEN_HUNT
FR · General commercial print production,OTHER,France,FRANCE,OPEN_PUBLIC,EUR,557,445,78,17.53,,93,160000.0,380000.0,720000.0,0,,,221,1.24,59.89,2.5,2.5,2.0,1.0,5.0,3.0,3.103370786516854,5.0,75.61,OPEN_HUNT
FR · Mailing / routing / fulfilment,PRINT_BROKER,France,FRANCE,OPEN_PUBLIC,EUR,219,185,27,14.59,,41,278850.0,500000.0,800000.0,0,,,57,3.85,208.07,2.0,5.0,3.0,4.0,5.0,3.0,2.7513513513513512,5.0,75.32,OPEN_HUNT
CA · Interpretation / sign-language services,LANGUAGE,Canada federal,CANADA,OPEN_PUBLIC,CAD,34,23,4,17.39,,13,72500.0,164530.8,301800.4,0,,,52,10.17,267.16,4.5,4.0,4.0,1.5,5.0,3.0,3.0869565217391304,4.483050847457627,74.64,OPEN_HUNT
FR · Website maintenance / hosting / support,WEB_DIGITAL,France,FRANCE,COMPETITIVE_OTHER,EUR,57,54,3,5.56,,6,24056.5625,28769.625,41557.0,0,,,8,22.22,1358.02,5.0,3.0,2.5,1.0,5.0,3.0,1.6666666666666665,3.2777777777777777,74.11,OPEN_HUNT
DE · Website relaunch / development,WEB_DIGITAL,Germany,GERMANY,COMPETITIVE_OTHER,EUR,37,20,2,10.0,255000.0,6,5303.25,152464.0,358929.5,9,3.0,11.11,11,9.09,909.09,5.0,3.0,2.5,1.0,5.0,3.0,2.2,4.590909090909091,74.01,OPEN_HUNT
FR · Promotional objects / branded goods,PROMO_BROKER,France,FRANCE,OPEN_PUBLIC,EUR,232,197,26,13.2,,43,162999.5,320000.0,736500.0,0,,,76,5.36,194.2,1.5,5.0,3.5,4.0,5.0,3.0,2.5837563451776653,4.964285714285714,73.29,OPEN_HUNT
DE · Website maintenance / support,WEB_DIGITAL,Germany,GERMANY,COMPETITIVE_OTHER,EUR,29,16,2,12.5,679640.0,6,226525.0,315550.0,878651.875,8,3.0,12.5,10,10.0,1000.0,5.0,3.0,2.5,1.0,5.0,3.0,2.5,4.5,72.97,OPEN_HUNT
FR · Municipal/public magazine printing,PRINT_BROKER,France,FRANCE,OPEN_PUBLIC,EUR,138,130,8,6.15,,30,210000.0,340000.0,660000.0,0,,,50,5.26,251.15,2.0,5.0,3.0,4.0,5.0,3.0,1.7384615384615385,4.973684210526316,72.84,OPEN_HUNT
FR · Brochure / publication / book printing,PRINT_BROKER,France,FRANCE,OPEN_PUBLIC,EUR,123,107,8,7.48,,17,150000.0,341666.67,800000.0,0,,,31,7.14,397.53,2.0,5.0,3.0,4.0,5.0,3.0,1.8971962616822429,4.785714285714286,72.34,OPEN_HUNT
FR · Forms / stationery / cards printing,PRINT_BROKER,France,FRANCE,OPEN_PUBLIC,EUR,94,86,8,9.3,,9,210000.0,400000.0,500000.0,0,,,19,6.25,595.7,2.0,5.0,3.0,4.0,5.0,3.0,2.116279069767442,4.875,72.13,OPEN_HUNT
FR · Stenotypy / stenography,LANGUAGE,France,FRANCE,OPEN_PUBLIC,EUR,31,26,4,15.38,,4,4215.25,101867.5,228586.25,0,,,8,21.43,1530.61,4.5,4.0,4.5,1.5,5.0,3.0,2.8461538461538463,3.3571428571428568,71.93,OPEN_HUNT
QC · Permits / forms / stationery printing,PRINT_BROKER,Quebec,CANADA - QUEBEC,OPEN_PUBLIC,CAD,29,14,4,28.57,,29,68925.0,137885.49,439280.0,29,2.0,13.79,13,20.69,1129.61,2.0,5.0,3.0,4.0,5.0,4.666666666666667,4.428571428571429,3.4310344827586206,71.78,OPEN_HUNT
FR · General graphic design,CREATIVE,France,FRANCE,COMPETITIVE_OTHER,EUR,29,26,1,3.85,,2,207605.0,305070.0,402535.0,0,,,3,33.33,3333.33,5.0,3.5,2.0,1.0,5.0,3.0,1.4615384615384617,3.0,71.26,OPEN_HUNT
FR · Website redesign / development,WEB_DIGITAL,France,FRANCE,COMPETITIVE_OTHER,EUR,36,35,1,2.86,,4,30935.909999999996,44857.44,59647.75,0,,,4,25.0,2500.0,5.0,3.0,2.5,1.0,5.0,3.0,1.342857142857143,3.0,71.13,OPEN_HUNT
CA · Written translation,LANGUAGE,Canada federal,CANADA,COMPETITIVE_OTHER,CAD,14,6,2,33.33,,17,22995.0,113000.0,229950.0,0,,,12,23.53,1141.87,4.5,4.0,2.0,1.5,5.0,3.0,5.0,3.1470588235294117,70.31,OPEN_HUNT
FR · Meeting / debate transcription,LANGUAGE,France,FRANCE,COMPETITIVE_OTHER,EUR,17,16,1,6.25,,3,26929.0,50000.0,67500.0,0,,,4,40.0,2800.0,4.5,4.0,2.0,1.5,5.0,3.0,1.75,3.0,68.45,OPEN_HUNT
FR · Written translation,LANGUAGE,France,FRANCE,COMPETITIVE_OTHER,EUR,15,14,1,7.14,,1,10000.0,10000.0,10000.0,0,,,1,100.0,10000.0,4.5,4.0,2.0,1.5,5.0,3.0,1.8571428571428572,3.0,67.26,OPEN_HUNT
DE · Website hosting / operation,WEB_DIGITAL,Germany,GERMANY,OPEN_PUBLIC,EUR,14,6,2,33.33,1800000.0,3,502510.16000000003,585920.0,1108157.5,6,4.0,16.67,5,20.0,2000.0,5.0,3.0,2.5,1.0,4.0,3.0,5.0,3.5,67.17,OPEN_HUNT
FR · Drupal / WordPress / CMS implementation,WEB_DIGITAL,France,FRANCE,OPEN_PUBLIC,EUR,15,13,2,15.38,,8,485899.875,665440.5,1000000.0,0,,,11,14.29,1265.31,5.0,3.0,2.5,1.0,4.0,3.0,2.8461538461538463,4.071428571428571,66.9,OPEN_HUNT
FR · Publication layout / DTP,CREATIVE,France,FRANCE,COMPETITIVE_OTHER,EUR,14,13,1,7.69,,1,10000.0,10000.0,10000.0,0,,,2,50.0,5000.0,5.0,3.5,2.0,1.0,5.0,3.0,1.9230769230769231,3.0,66.78,OPEN_HUNT
FR · Visual identity / branding,CREATIVE,France,FRANCE,COMPETITIVE_OTHER,EUR,14,14,0,0.0,,3,52500.0,70000.0,79500.0,0,,,3,33.33,3333.33,5.0,3.5,2.0,1.0,5.0,3.0,1.0,3.0,65.29,OPEN_HUNT
FR · Visual identity / branding,CREATIVE,France,FRANCE,OPEN_PUBLIC,EUR,21,21,0,0.0,,2,704150.0,1136100.0,1568050.0,0,,,5,33.33,2592.59,5.0,3.5,2.0,1.0,4.0,3.0,1.0,2.166666666666667,65.07,OPEN_HUNT
FR · Communication collateral printing,PRINT_BROKER,France,FRANCE,COMPETITIVE_OTHER,EUR,28,27,1,3.7,,2,44742.5,48495.0,52247.5,0,,,5,20.0,2000.0,2.0,5.0,3.0,4.0,5.0,3.0,1.4444444444444444,3.5,64.04,OPEN_HUNT
CA · Interpretation / sign-language services,LANGUAGE,Canada federal,CANADA,COMPETITIVE_OTHER,CAD,5,2,2,100.0,,2,108518.5775,119308.405,130098.2325,0,,,2,50.0,5000.0,4.5,4.0,4.0,1.5,5.0,3.0,5.0,3.0,63.24,OPEN_HUNT
DE · TYPO3 / Drupal / WordPress CMS,WEB_DIGITAL,Germany,GERMANY,OPEN_PUBLIC,EUR,22,4,0,0.0,520000.0,2,379883.69999999995,421255.8,462627.9,1,3.0,0.0,3,33.33,3333.33,5.0,3.0,2.5,1.0,5.0,3.0,1.0,3.0,63.07,OPEN_HUNT
DE · Web accessibility / Barrierefreiheit,WEB_DIGITAL,Germany,GERMANY,OPEN_PUBLIC,EUR,12,1,1,100.0,,0,,,,2,11.0,0.0,1,100.0,10000.0,5.0,3.0,2.5,1.0,3.0,3.0,5.0,3.0,61.44,OPEN_HUNT
FR · General commercial print production,OTHER,France,FRANCE,COMPETITIVE_OTHER,EUR,25,24,1,4.17,,2,20250.0,33500.0,46750.0,0,,,2,50.0,5000.0,2.5,2.5,2.0,1.0,5.0,3.0,1.5,3.0,61.39,OPEN_HUNT
QC · Brochure / publication printing,PRINT_BROKER,Quebec,CANADA - QUEBEC,OPEN_PUBLIC,CAD,9,6,2,33.33,347399.0,9,133100.0,167761.0,252230.6,9,3.0,0.0,4,66.67,4814.81,2.0,5.0,3.0,4.0,5.0,3.0,5.0,3.0,61.04,OPEN_HUNT
FR · Brochure / publication / book printing,PRINT_BROKER,France,FRANCE,COMPETITIVE_OTHER,EUR,17,15,1,6.67,,3,65000.0,70000.0,75000.0,0,,,4,25.0,2500.0,2.0,5.0,3.0,4.0,5.0,3.0,1.8,3.0,60.6,OPEN_HUNT
FR · Mailing / routing / fulfilment,PRINT_BROKER,France,FRANCE,COMPETITIVE_OTHER,EUR,16,15,1,6.67,,2,56181.88,56457.259999999995,56732.64,0,,,2,66.67,5555.56,2.0,5.0,3.0,4.0,5.0,3.0,1.8,3.0,60.45,OPEN_HUNT
FR · Human interpreting,LANGUAGE,France,FRANCE,COMPETITIVE_OTHER,EUR,10,10,0,0.0,,2,23917.1,27834.2,31751.300000000003,0,,,3,33.33,3333.33,4.5,4.0,4.0,1.5,5.0,3.0,1.0,3.0,60.38,OPEN_HUNT
QC · Large-format / display printing,PRINT_BROKER,Quebec,CANADA - QUEBEC,OPEN_PUBLIC,CAD,7,5,2,40.0,6684999.0,5,39937.2,39937.2,543741.5,5,2.0,60.0,4,40.0,2800.0,2.0,5.0,3.0,4.0,5.0,3.0,5.0,3.0,59.69,OPEN_HUNT
FR · Branded textiles / apparel,PROMO_BROKER,France,FRANCE,OPEN_PUBLIC,EUR,37,34,2,5.88,,4,1185000.0,1950000.0,76800000.0,0,,,13,9.09,853.99,1.5,5.0,3.5,4.0,2.5,3.0,1.7058823529411764,4.590909090909091,59.67,OPEN_HUNT
DE · Website relaunch / development,WEB_DIGITAL,Germany,GERMANY,OPEN_PUBLIC,EUR,83,10,0,0.0,331932.0,1,11088757.81,11088757.81,11088757.81,3,6.0,33.33,6,28.57,1836.73,5.0,3.0,2.5,1.0,1.5,3.0,1.0,2.6428571428571432,58.47,OPEN_HUNT
DE · TYPO3 / Drupal / WordPress CMS,WEB_DIGITAL,Germany,GERMANY,COMPETITIVE_OTHER,EUR,9,6,0,0.0,480000.0,3,1000000.0,1400000.0,5753315.315,2,4.0,0.0,5,20.0,2000.0,5.0,3.0,2.5,1.0,4.0,3.0,1.0,3.5,57.74,OPEN_HUNT
DE · Website hosting / operation,WEB_DIGITAL,Germany,GERMANY,COMPETITIVE_OTHER,EUR,7,5,0,0.0,1151579.83,2,805441.2175,1350882.435,1896323.6525,3,1.0,66.67,3,33.33,3333.33,5.0,3.0,2.5,1.0,4.0,3.0,1.0,3.0,55.59,OPEN_HUNT
FR · Stenotypy / stenography,LANGUAGE,France,FRANCE,COMPETITIVE_OTHER,EUR,3,3,0,0.0,,1,60000.0,60000.0,60000.0,0,,,1,100.0,10000.0,4.5,4.0,4.5,1.5,5.0,3.0,1.0,3.0,53.69,OPEN_HUNT
FR · Web accessibility / RGAA-WCAG,WEB_DIGITAL,France,FRANCE,OPEN_PUBLIC,EUR,3,3,0,0.0,,1,600000.0,600000.0,600000.0,0,,,1,100.0,10000.0,5.0,3.0,2.5,1.0,4.0,3.0,1.0,3.0,52.49,OPEN_HUNT
DE · Web accessibility / Barrierefreiheit,WEB_DIGITAL,Germany,GERMANY,COMPETITIVE_OTHER,EUR,3,2,0,0.0,,1,1200520.0,1200520.0,1200520.0,1,5.0,0.0,1,100.0,10000.0,5.0,3.0,2.5,1.0,4.0,3.0,1.0,3.0,52.25,OPEN_HUNT
FR · Municipal/public magazine printing,PRINT_BROKER,France,FRANCE,COMPETITIVE_OTHER,EUR,10,10,0,0.0,,0,,,,0,,,1,100.0,10000.0,2.0,5.0,3.0,4.0,3.0,3.0,1.0,3.0,49.58,OPEN_HUNT
FR · Forms / stationery / cards printing,PRINT_BROKER,France,FRANCE,COMPETITIVE_OTHER,EUR,8,8,0,0.0,,0,,,,0,,,1,100.0,10000.0,2.0,5.0,3.0,4.0,3.0,3.0,1.0,3.0,47.87,OPEN_HUNT
FR · Promotional objects / branded goods,PROMO_BROKER,France,FRANCE,COMPETITIVE_OTHER,EUR,10,10,0,0.0,,0,,,,0,,,,,,1.5,5.0,3.5,4.0,3.0,3.0,1.0,3.0,47.68,OPEN_HUNT
FR · Branded textiles / apparel,PROMO_BROKER,France,FRANCE,COMPETITIVE_OTHER,EUR,8,8,0,0.0,,0,,,,0,,,1,100.0,10000.0,1.5,5.0,3.5,4.0,3.0,3.0,1.0,3.0,45.97,OPEN_HUNT
