micro_niche,warehouse_source,country,route,currency,records,buyers,repeat_buyers,repeat_buyer_rate,median_estimated_value,compatible_award_rows,p25_award_value,median_award_value,p75_award_value,bidder_rows,median_bidders,single_bid_pct,supplier_count,top_supplier_share_pct,hhi,historical_spm_score,market_motion
Website maintenance / hosting / support,Canada federal,CANADA,OPEN_PUBLIC,CAD,897,75,49,65.33,,285,108932.0,240044.81,670808.8,0,,,270,2.52,49.64,92.1,OPEN_BID
Website design / redesign / development,Canada federal,CANADA,OPEN_PUBLIC,CAD,377,46,25,54.35,,95,118636.25,237331.0,598120.725,0,,,90,3.92,126.87,90.44,OPEN_BID
Commercial printing / print production,Quebec,CANADA - QUEBEC,OPEN_PUBLIC,CAD,68,36,12,33.33,6943899.0,97,40902.4,129800.0,299400.0,98,2.0,22.45,38,10.2,470.64,89.24,OPEN_BID
Transcription / speech-to-text,Quebec,CANADA - QUEBEC,DIRECT_NONCOMPETITIVE,CAD,246,23,9,39.13,,343,36933.19,64584.0,95000.0,342,1.0,100.0,153,2.92,90.86,88.6,DIRECT_BUYER
Website maintenance / hosting / support,Canada federal,CANADA,COMPETITIVE_OTHER,CAD,231,47,28,59.57,,96,226728.075,435238.775,831428.125,0,,,60,10.38,341.76,88.51,OPEN_BID
Translation services,Quebec,CANADA - QUEBEC,DIRECT_NONCOMPETITIVE,CAD,333,42,16,38.1,,428,30000.0,45000.0,70000.0,424,1.0,100.0,212,1.4,62.32,88.38,DIRECT_BUYER
Market research / surveys / polling,Ireland,IRELAND,OPEN_PUBLIC,EUR,123,39,15,38.46,135000.0,83,63064.5,123750.0,269477.5,83,3.0,19.28,95,8.02,254.96,87.99,OPEN_BID
Graphic design / DTP / visual identity,Quebec,CANADA - QUEBEC,DIRECT_NONCOMPETITIVE,CAD,66,41,13,31.71,,82,28640.2725,37979.9,50000.0,81,1.0,100.0,57,7.32,226.06,87.37,DIRECT_BUYER
Website maintenance / hosting / support,Germany,GERMANY,OPEN_PUBLIC,EUR,296,85,13,15.29,1125121.5,52,95525.0,428422.0,822584.3999999999,62,3.5,11.29,73,4.55,162.71,86.96,OPEN_BID
Website maintenance / hosting / support,United Kingdom,UNITED KINGDOM,UNKNOWN,GBP,204,158,28,17.72,2209726.0,54,49625.0,191734.5,513271.5,34,1.0,67.65,65,3.33,189.93,86.87,OTHER_ROUTE
Graphic design / DTP / visual identity,France,FRANCE,OPEN_PUBLIC,EUR,341,270,40,14.81,,28,104500.0,227000.0,370000.0,0,,,90,1.82,156.92,86.82,OPEN_BID
Commercial printing / print production,Quebec,CANADA - QUEBEC,LIMITED_INVITATION,CAD,64,32,11,34.38,99999.0,86,26008.15,32182.0,47633.75,86,1.0,48.84,38,8.14,378.58,86.21,OTHER_ROUTE
Commercial printing / print production,France,FRANCE,OPEN_PUBLIC,EUR,1043,786,170,21.63,,174,200000.0,421000.0,760000.0,0,,,366,1.11,38.04,85.15,OPEN_BID
Market research / surveys / polling,Quebec,CANADA - QUEBEC,OPEN_PUBLIC,CAD,52,36,12,33.33,334399.0,53,101036.0,193435.33,404446.16,53,3.0,18.87,17,24.53,1164.12,84.83,OPEN_BID
Website maintenance / hosting / support,Germany,GERMANY,COMPETITIVE_OTHER,EUR,101,66,10,15.15,750000.0,30,5303.25,487327.5,2181323.6525,33,3.0,36.36,36,4.44,311.11,84.72,OPEN_BID
Translation services,Canada federal,CANADA,OPEN_PUBLIC,CAD,60,40,11,27.5,,15,162482.5,265000.0,672180.625,0,,,17,18.52,973.94,84.71,OPEN_BID
Commercial printing / print production,Quebec,CANADA - QUEBEC,DIRECT_NONCOMPETITIVE,CAD,101,56,21,37.5,,131,29064.0,37190.35,52984.9,127,1.0,100.0,61,7.63,269.8,84.6,DIRECT_BUYER
Website maintenance / hosting / support,France,FRANCE,OPEN_PUBLIC,EUR,298,260,30,11.54,,51,214582.5,398875.0,600000.0,0,,,49,4.65,244.15,84.33,OPEN_BID
Website design / redesign / development,Canada federal,CANADA,COMPETITIVE_OTHER,CAD,84,37,19,51.35,,24,262841.6,607424.935,2054894.83,0,,,23,7.69,473.37,84.24,OPEN_BID
Market research / surveys / polling,United Kingdom,UNITED KINGDOM,UNKNOWN,GBP,185,111,29,26.13,585000.0,55,66519.39,151250.0,322600.0,49,1.5,40.82,44,8.47,311.69,84.01,OTHER_ROUTE
Translation services,France,FRANCE,OPEN_PUBLIC,EUR,151,129,16,12.4,,27,154000.0,240000.0,400000.0,0,,,54,2.86,251.96,83.46,OPEN_BID
Website maintenance / hosting / support,Quebec,CANADA - QUEBEC,DIRECT_NONCOMPETITIVE,CAD,38,26,8,30.77,,45,29953.2,39113.84,72664.2,45,1.0,100.0,26,17.78,656.79,82.99,DIRECT_BUYER
Translation services,Quebec,CANADA - QUEBEC,LIMITED_INVITATION,CAD,25,17,6,35.29,,41,33975.0,45859.0,77150.0,45,2.0,28.89,31,8.89,409.88,82.97,OTHER_ROUTE
Market research / surveys / polling,France,FRANCE,OPEN_PUBLIC,EUR,595,456,84,18.42,,124,205012.5,395631.83499999996,1000000.0,0,,,128,4.31,123.98,82.7,OPEN_BID
Market research / surveys / polling,Quebec,CANADA - QUEBEC,LIMITED_INVITATION,CAD,41,22,9,40.91,,55,36425.0,56725.0,72700.0,55,1.0,56.36,15,18.18,1173.55,82.66,OTHER_ROUTE
Market research / surveys / polling,Quebec,CANADA - QUEBEC,DIRECT_NONCOMPETITIVE,CAD,146,86,27,31.4,,190,31531.25,39504.0,54459.847499999996,185,1.0,100.0,57,26.32,943.49,82.54,DIRECT_BUYER
Website maintenance / hosting / support,United Kingdom,UNITED KINGDOM,OPEN_PUBLIC,GBP,413,241,43,17.84,647000.0,225,250000.0,656667.99,5000000.0,248,6.0,4.84,351,1.91,44.85,82.43,OPEN_BID
Transcription / speech-to-text,France,FRANCE,OPEN_PUBLIC,EUR,69,63,6,9.52,,13,280000.0,320000.0,550000.0,0,,,12,10.0,933.33,81.96,OPEN_BID
Website maintenance / hosting / support,United Kingdom,UNITED KINGDOM,COMPETITIVE_OTHER,GBP,89,54,5,9.26,10010000.0,33,54166.0,98000.0,445975.0,32,3.0,15.63,46,9.3,335.81,81.71,OPEN_BID
Graphic design / DTP / visual identity,France,FRANCE,COMPETITIVE_OTHER,EUR,102,79,9,11.39,,8,69150.0,79500.0,172605.0,0,,,11,9.09,909.09,81.58,OPEN_BID
Mailing / fulfilment / routing,France,FRANCE,OPEN_PUBLIC,EUR,301,252,39,15.48,,55,300000.0,500000.0,858691.8,0,,,86,3.33,145.6,81.37,OPEN_BID
Software licence renewal / licensing,United Kingdom,UNITED KINGDOM,UNKNOWN,GBP,84,56,13,23.21,25000000.0,67,39391.07,104387.55,248108.875,48,1.0,87.5,66,6.41,193.95,81.36,OTHER_ROUTE
Website design / redesign / development,France,FRANCE,OPEN_PUBLIC,EUR,110,100,9,9.0,,10,173092.25,319000.0,1305192.75,0,,,11,10.0,950.0,81.13,OPEN_BID
Annual report / publication layout-production,United Kingdom,UNITED KINGDOM,UNKNOWN,GBP,46,35,5,14.29,4166666.0,19,67048.59,303562.0,1060041.0,15,1.0,100.0,16,10.0,700.0,81.05,OTHER_ROUTE
Translation services,Germany,GERMANY,OPEN_PUBLIC,EUR,12738,70,9,12.86,759557.14,30,286.725,265659.67000000004,566788.0,122,6.0,12.3,41,9.09,348.94,80.8,OPEN_BID
Graphic design / DTP / visual identity,Quebec,CANADA - QUEBEC,LIMITED_INVITATION,CAD,25,21,3,14.29,,33,30375.0,42000.0,59777.0,34,1.0,52.94,25,8.82,484.43,80.13,OTHER_ROUTE
Media / press monitoring,Ireland,IRELAND,OPEN_PUBLIC,EUR,31,20,5,25.0,100000.0,17,50000.0,75000.0,150000.0,17,3.0,5.88,6,47.06,3217.99,80.05,OPEN_BID
Translation services,Germany,GERMANY,COMPETITIVE_OTHER,EUR,78,31,9,29.03,185000.0,21,1.0,1.0,1.0,12,4.0,8.33,21,14.81,617.28,79.99,OPEN_BID
Media / press monitoring,Quebec,CANADA - QUEBEC,DIRECT_NONCOMPETITIVE,CAD,26,15,6,40.0,,32,28585.877500000002,52260.715,99581.58,27,1.0,100.0,11,18.75,1230.47,79.2,DIRECT_BUYER
Market research / surveys / polling,United Kingdom,UNITED KINGDOM,OPEN_PUBLIC,GBP,130,100,15,15.0,393500.0,131,212125.0,542518.06,1000000.0,264,4.0,6.44,312,5.38,145.2,79.17,OPEN_BID
Commercial printing / print production,Canada federal,CANADA,OPEN_PUBLIC,CAD,29,12,6,50.0,,7,139409.89,219117.24,1373527.2349999999,0,,,7,25.0,1562.5,78.83,OPEN_BID
Software licence renewal / licensing,Quebec,CANADA - QUEBEC,DIRECT_NONCOMPETITIVE,CAD,45,34,10,29.41,,60,31456.25,50564.2,80174.83499999999,60,1.0,100.0,38,6.67,327.78,78.73,DIRECT_BUYER
Website design / redesign / development,Germany,GERMANY,OPEN_PUBLIC,EUR,62,13,2,15.38,677500.0,4,299416.15,428460.6,1430134.75,4,7.0,0.0,8,12.5,1250.0,78.41,OPEN_BID
Promotional merchandise / branded goods,France,FRANCE,OPEN_PUBLIC,EUR,116,95,13,13.68,,19,235499.5,400000.0,764000.0,0,,,34,12.5,481.05,78.23,OPEN_BID
Website maintenance / hosting / support,France,FRANCE,COMPETITIVE_OTHER,EUR,85,81,4,4.94,,10,28275.4375,50843.5,645093.0,0,,,13,13.33,844.44,77.66,OPEN_BID
Annual report / publication layout-production,Canada federal,CANADA,OPEN_PUBLIC,CAD,18,13,3,23.08,,7,124675.675,200238.5,333730.75,0,,,8,12.5,1250.0,77.4,OPEN_BID
Video production / editing / motion,Germany,GERMANY,OPEN_PUBLIC,EUR,49,10,2,20.0,3890000.0,7,0.505,220500.0,3467557.02,7,9.0,0.0,7,25.0,1562.5,76.81,OPEN_BID
Transcription / speech-to-text,United Kingdom,UNITED KINGDOM,UNKNOWN,GBP,45,37,4,10.81,1050000.0,19,256625.0,756709.0,1268157.0,15,2.0,26.67,25,21.05,1045.17,76.3,OTHER_ROUTE
Website maintenance / hosting / support,United Kingdom,UNITED KINGDOM,DIRECT_NONCOMPETITIVE,GBP,92,78,12,15.38,,85,35000.0,55200.0,144000.0,0,,,88,4.21,127.42,76.28,DIRECT_BUYER
SEO / digital marketing,Ireland,IRELAND,OPEN_PUBLIC,EUR,17,11,3,27.27,175000.0,5,80000.0,150000.0,170000.0,5,2.0,40.0,6,25.0,2083.33,76.27,OPEN_BID
Video production / editing / motion,Quebec,CANADA - QUEBEC,DIRECT_NONCOMPETITIVE,CAD,37,25,4,16.0,,51,30000.0,41100.0,52787.72,51,1.0,100.0,30,9.8,449.83,76.21,DIRECT_BUYER
Media / press monitoring,France,FRANCE,OPEN_PUBLIC,EUR,44,40,4,10.0,,8,101717.25,160511.0,492991.0,0,,,7,25.0,1562.5,76.19,OPEN_BID
Translation services,Quebec,CANADA - QUEBEC,OPEN_PUBLIC,CAD,24,20,4,20.0,640199.0,63,12768.0,65280.0,146750.06,88,6.0,1.14,45,11.36,467.46,75.72,OPEN_BID
LMS / e-learning platform software,United Kingdom,UNITED KINGDOM,UNKNOWN,GBP,51,45,5,11.11,437500.0,23,75000.0,133292.0,392719.77,20,1.0,85.0,20,8.0,560.0,75.7,OTHER_ROUTE
Website design / redesign / development,Quebec,CANADA - QUEBEC,DIRECT_NONCOMPETITIVE,CAD,60,56,4,7.14,,81,30500.0,39091.5,52250.0,79,1.0,100.0,37,23.46,754.46,75.51,DIRECT_BUYER
Website maintenance / hosting / support,Ireland,IRELAND,OPEN_PUBLIC,EUR,62,53,7,13.21,200000.0,38,108675.0,207500.0,475000.0,38,8.0,7.89,22,13.51,606.28,75.49,OPEN_BID
Translation services,Canada federal,CANADA,COMPETITIVE_OTHER,CAD,22,7,2,28.57,,26,43115.625,142731.25,264442.5,0,,,18,15.38,739.64,75.37,OPEN_BID
Market research / surveys / polling,Canada federal,CANADA,OPEN_PUBLIC,CAD,37,28,5,17.86,,11,100603.75,196215.46,291250.0,0,,,9,27.27,1404.96,74.98,OPEN_BID
Video production / editing / motion,France,FRANCE,OPEN_PUBLIC,EUR,42,40,2,5.0,,6,297500.0,435000.0,730000.0,0,,,9,16.67,1458.33,74.96,OPEN_BID
Market research / surveys / polling,France,FRANCE,COMPETITIVE_OTHER,EUR,111,101,6,5.94,,12,38225.0,52982.5,62500.0,0,,,19,5.88,565.17,74.88,OPEN_BID
Commercial printing / print production,France,FRANCE,COMPETITIVE_OTHER,EUR,94,84,5,5.95,,6,39047.5,44995.0,54250.0,0,,,9,11.11,1111.11,74.88,OPEN_BID
Website design / redesign / development,Quebec,CANADA - QUEBEC,LIMITED_INVITATION,CAD,35,33,2,6.06,,39,35846.62,47829.6,57904.285,39,2.0,48.72,22,17.95,742.93,74.88,OTHER_ROUTE
Website maintenance / hosting / support,Quebec,CANADA - QUEBEC,OPEN_PUBLIC,CAD,18,16,2,12.5,,18,50753.350000000006,173493.0,389743.28,18,4.0,0.0,13,16.67,925.93,74.81,OPEN_BID
Video production / editing / motion,Canada federal,CANADA,OPEN_PUBLIC,CAD,16,8,2,25.0,,8,90228.75,258425.0,1951436.25,0,,,41,6.67,271.6,74.61,OPEN_BID
Software licence renewal / licensing,United Kingdom,UNITED KINGDOM,DIRECT_NONCOMPETITIVE,GBP,142,89,20,22.47,4196813.0,126,16822.28,32624.265,92504.0,0,,,127,2.16,86.43,74.34,DIRECT_BUYER
SEO / digital marketing,France,FRANCE,OPEN_PUBLIC,EUR,57,35,7,20.0,,11,802920.0,7000000.0,78808742.1,0,,,27,9.09,763.12,74.23,OPEN_BID
Graphic design / DTP / visual identity,Germany,GERMANY,OPEN_PUBLIC,EUR,59,13,2,15.38,570000.0,11,205856.0,284228.0,829710.0,16,9.5,6.25,17,10.53,637.12,74.12,OPEN_BID
Translation services,TED,ESP,UNKNOWN,EUR,114,4,3,75.0,614194.99,105,46398.66,129850.0,246000.0,83,5.0,9.64,31,31.25,1399.97,74.04,OTHER_ROUTE
Document scanning / digitization / OCR,Germany,GERMANY,OPEN_PUBLIC,EUR,21,10,2,20.0,247500.0,4,238650.0,252794.0,2370441.0,3,1.0,66.67,5,20.0,2000.0,74.03,OPEN_BID
WordPress / Drupal / CMS implementation,France,FRANCE,OPEN_PUBLIC,EUR,18,16,2,12.5,,6,172500.0,390000.0,559060.5,0,,,10,16.67,1444.44,73.96,OPEN_BID
Transcription / speech-to-text,Canada federal,CANADA,OPEN_PUBLIC,CAD,18,16,2,12.5,,7,350071.875,411993.75,681547.6599999999,0,,,6,28.57,1836.73,73.9,OPEN_BID
Media / press monitoring,Quebec,CANADA - QUEBEC,OPEN_PUBLIC,CAD,10,8,2,25.0,,15,176245.41,665892.0,2259500.565,15,1.0,33.33,5,40.0,2977.78,73.7,OPEN_BID
Annual report / publication layout-production,United Kingdom,UNITED KINGDOM,OPEN_PUBLIC,GBP,33,29,3,10.34,750000.0,21,100000.0,604424.0,1500000.0,27,6.0,14.81,27,6.67,400.0,73.69,OPEN_BID
Translation services,Ireland,IRELAND,OPEN_PUBLIC,EUR,15,12,3,25.0,800000.0,6,202500.0,700000.0,950000.0,6,4.0,16.67,13,18.33,1527.78,73.63,OPEN_BID
Social media / community management,Germany,GERMANY,OPEN_PUBLIC,EUR,32,9,1,11.11,596000.0,4,0.7525,381609.5,819913.5,5,3.0,20.0,5,20.0,2000.0,73.33,OPEN_BID
Software licence renewal / licensing,Ireland,IRELAND,OPEN_PUBLIC,EUR,20,17,3,17.65,650000.0,11,130351.62,1000000.0,3400000.0,11,1.0,63.64,15,41.0,2190.0,73.33,OPEN_BID
Translation services,United Kingdom,UNITED KINGDOM,OPEN_PUBLIC,GBP,48,39,6,15.38,250000.0,45,200000.0,550000.0,1500000.0,48,12.0,0.0,85,6.0,229.53,72.93,OPEN_BID
Graphic design / DTP / visual identity,Ireland,IRELAND,OPEN_PUBLIC,EUR,47,43,2,4.65,200000.0,29,150000.0,250000.0,440000.0,29,10.0,0.0,31,9.88,516.31,72.79,OPEN_BID
SEO / digital marketing,Germany,GERMANY,OPEN_PUBLIC,EUR,44,11,1,9.09,621680.67,5,435920.0,800000.0,2100841.0,7,8.0,0.0,9,11.11,1111.11,72.76,OPEN_BID
Translation services,United Kingdom,UNITED KINGDOM,UNKNOWN,GBP,26,25,1,4.0,1120000.0,22,40126.472499999996,70500.0,271125.0,27,2.0,22.22,22,9.68,551.51,72.44,OTHER_ROUTE
Web accessibility / WCAG audit-remediation,United Kingdom,UNITED KINGDOM,OPEN_PUBLIC,GBP,16,15,1,6.67,790500.0,6,107362.5,190000.0,282500.0,7,22.0,0.0,8,12.5,1250.0,72.16,OPEN_BID
Market research / surveys / polling,United Kingdom,UNITED KINGDOM,COMPETITIVE_OTHER,GBP,32,30,2,6.67,4000000.0,29,100000.0,400000.0,5100000.0,57,3.5,1.75,93,5.33,215.82,72.14,OPEN_BID
WordPress / Drupal / CMS implementation,Germany,GERMANY,OPEN_PUBLIC,EUR,26,9,1,11.11,2180000.0,5,504000.0,734400.0,747798.78,7,4.5,0.0,8,12.5,1250.0,72.04,OPEN_BID
Website design / redesign / development,United Kingdom,UNITED KINGDOM,UNKNOWN,GBP,39,35,3,8.57,1250000.0,13,37188.0,73584.0,150000.0,6,3.0,16.67,14,7.14,714.29,71.83,OTHER_ROUTE
SEO / digital marketing,United Kingdom,UNITED KINGDOM,COMPETITIVE_OTHER,GBP,17,13,2,15.38,6900000.0,9,41000.0,45000.0,70000.0,2,11.5,0.0,11,9.09,909.09,71.76,OPEN_BID
Software licence renewal / licensing,United Kingdom,UNITED KINGDOM,OPEN_PUBLIC,GBP,15,11,2,18.18,85000.0,13,200000.0,470451.09,2000000.0,16,3.0,18.75,22,9.41,575.78,71.67,OPEN_BID
SEO / digital marketing,France,FRANCE,UNKNOWN,EUR,19,11,4,36.36,17000.0,2,276375.0,284250.0,292125.0,0,,,2,50.0,5000.0,71.6,OTHER_ROUTE
Graphic design / DTP / visual identity,Canada federal,CANADA,COMPETITIVE_OTHER,CAD,10,8,2,25.0,,7,107307.95,132695.9,783713.805,0,,,6,28.57,1836.73,71.32,OPEN_BID
Commercial printing / print production,United Kingdom,UNITED KINGDOM,OPEN_PUBLIC,GBP,47,42,3,7.14,290000.0,61,50000.0,291666.67,2300000.0,76,7.0,2.63,102,3.5,144.91,71.31,OPEN_BID
Video production / editing / motion,Quebec,CANADA - QUEBEC,LIMITED_INVITATION,CAD,9,7,2,28.57,,11,70480.0,86940.0,98000.0,11,2.0,27.27,9,18.18,1239.67,71.26,OTHER_ROUTE
Graphic design / DTP / visual identity,United Kingdom,UNITED KINGDOM,OPEN_PUBLIC,GBP,37,35,1,2.86,300000.0,27,87400.0,480000.0,3700000.0,48,11.0,4.17,104,2.12,150.52,71.22,OPEN_BID
Software licence renewal / licensing,United Kingdom,UNITED KINGDOM,COMPETITIVE_OTHER,GBP,27,18,3,16.67,,23,25406.8,42250.97,62561.185,6,1.0,83.33,26,13.79,550.93,70.91,OPEN_BID
Commercial printing / print production,Belgium,BE,UNKNOWN,UNKNOWN,88,55,16,29.09,,0,,,,0,,,,,,70.9,OTHER_ROUTE
Graphic design / DTP / visual identity,Ireland,IRELAND,COMPETITIVE_OTHER,EUR,8,5,2,40.0,825000.0,7,36500.0,45000.0,49999.5,1,10.0,0.0,5,33.33,2222.22,70.85,OPEN_BID
SEO / digital marketing,United Kingdom,UNITED KINGDOM,OPEN_PUBLIC,GBP,43,41,2,4.88,410000.0,28,132162.5,203408.535,427500.0,32,11.0,0.0,40,5.71,307.94,70.84,OPEN_BID
Commercial printing / print production,France,FRANCE,UNKNOWN,EUR,69,64,4,6.25,,21,170000.0,431604.0,740000.0,0,,,10,10.0,1000.0,70.81,OTHER_ROUTE
Website design / redesign / development,Quebec,CANADA - QUEBEC,OPEN_PUBLIC,CAD,20,17,3,17.65,,20,89174.61,192205.0,287129.8075,20,7.5,0.0,13,15.0,900.0,70.76,OPEN_BID
Commercial printing / print production,United Kingdom,UNITED KINGDOM,UNKNOWN,GBP,23,21,2,9.52,600000.0,15,48591.0,250000.0,2750000.0,12,2.0,41.67,24,13.33,803.7,70.49,OTHER_ROUTE
Market research / surveys / polling,France,FRANCE,UNKNOWN,EUR,67,57,6,10.53,,21,177486.0,358399.0,753854.99,0,,,9,20.0,1200.0,70.41,OTHER_ROUTE
Website design / redesign / development,United Kingdom,UNITED KINGDOM,OPEN_PUBLIC,GBP,89,77,9,11.69,170000.0,87,363675.0,5000000.0,5000000.0,84,11.0,2.38,108,6.45,147.6,70.24,OPEN_BID
Social media / community management,Quebec,CANADA - QUEBEC,DIRECT_NONCOMPETITIVE,CAD,9,5,3,60.0,,11,32846.25,41377.2,53799.665,11,1.0,100.0,6,27.27,2066.12,70.23,DIRECT_BUYER
Graphic design / DTP / visual identity,United Kingdom,UNITED KINGDOM,COMPETITIVE_OTHER,GBP,20,17,2,11.76,600000.0,19,144111.65,320000.0,625000.0,16,7.0,6.25,27,4.76,423.28,70.12,OPEN_BID
Graphic design / DTP / visual identity,Belgium,BE,UNKNOWN,UNKNOWN,61,49,8,16.33,,0,,,,0,,,,,,70.01,OTHER_ROUTE
Website maintenance / hosting / support,France,FRANCE,UNKNOWN,EUR,36,35,1,2.86,,10,210253.2525,239000.0,814375.0,0,,,9,11.11,1111.11,70.0,OTHER_ROUTE
SEO / digital marketing,TED,ESP,UNKNOWN,EUR,55,3,2,66.67,485384.69,55,28771.165,112933.8,319543.595,45,5.0,31.11,8,50.94,3292.99,69.75,OTHER_ROUTE
Website design / redesign / development,France,FRANCE,COMPETITIVE_OTHER,EUR,37,36,1,2.78,,1,70000.0,70000.0,70000.0,0,,,2,50.0,5000.0,69.73,OPEN_BID
Graphic design / DTP / visual identity,Germany,GERMANY,COMPETITIVE_OTHER,EUR,13,8,1,12.5,,5,35600.0,74920.0,144000.0,8,5.0,0.0,10,11.11,1049.38,69.46,OPEN_BID
Annual report / publication layout-production,France,FRANCE,OPEN_PUBLIC,EUR,24,24,0,0.0,,2,172500.0,195000.0,217500.0,0,,,2,50.0,5000.0,69.33,OPEN_BID
Media / press monitoring,Canada federal,CANADA,COMPETITIVE_OTHER,CAD,18,2,2,100.0,,8,65822.5,73594.54000000001,94958.1375,0,,,6,37.5,2187.5,69.33,OPEN_BID
Transcription / speech-to-text,United Kingdom,UNITED KINGDOM,OPEN_PUBLIC,GBP,30,25,4,16.0,1105000.0,40,675000.0,4000000.0,4000000.0,175,13.0,0.57,74,5.71,364.3,69.29,OPEN_BID
Graphic design / DTP / visual identity,Canada federal,CANADA,OPEN_PUBLIC,CAD,12,11,1,9.09,,2,525425.0,1016950.0,1508475.0,0,,,23,4.35,434.78,69.23,OPEN_BID
Web accessibility / WCAG audit-remediation,Canada federal,CANADA,OPEN_PUBLIC,CAD,12,10,2,20.0,,4,596287.04,735456.675,939077.1375,0,,,4,25.0,2500.0,69.14,OPEN_BID
Translation services,Germany,GERMANY,DIRECT_NONCOMPETITIVE,EUR,68,5,1,20.0,,5,894.44,204161.0,375174.0,5,1.0,80.0,6,16.67,1666.67,68.83,DIRECT_BUYER
Media / press monitoring,Canada federal,CANADA,OPEN_PUBLIC,CAD,8,5,3,60.0,,1,45200.0,45200.0,45200.0,0,,,1,100.0,10000.0,68.82,OPEN_BID
Mailing / fulfilment / routing,United Kingdom,UNITED KINGDOM,OPEN_PUBLIC,GBP,26,24,2,8.33,500000.0,16,155667.6675,270000.0,1651909.7825,17,6.0,5.88,20,11.11,594.14,68.76,OPEN_BID
Website design / redesign / development,United Kingdom,UNITED KINGDOM,COMPETITIVE_OTHER,GBP,16,15,1,6.67,4250000.0,11,30847.5,46265.0,247009.0,6,3.0,0.0,13,7.69,769.23,68.75,OPEN_BID
Website design / redesign / development,Germany,GERMANY,COMPETITIVE_OTHER,EUR,21,12,1,8.33,395000.0,3,66670.5,133340.0,206670.0,4,5.0,0.0,6,28.57,1836.73,68.7,OPEN_BID
Transcription / speech-to-text,France,FRANCE,COMPETITIVE_OTHER,EUR,19,18,1,5.56,,3,26929.0,50000.0,67500.0,0,,,4,40.0,2800.0,68.42,OPEN_BID
Translation services,France,FRANCE,UNKNOWN,EUR,12,9,3,33.33,,2,280000.0,320000.0,360000.0,0,,,,,,68.41,OTHER_ROUTE
Website maintenance / hosting / support,Canada federal,CANADA,DIRECT_NONCOMPETITIVE,CAD,28,16,2,12.5,,5,41510.18,172151.04,274392.0,0,,,5,20.0,2000.0,68.13,DIRECT_BUYER
Translation services,France,FRANCE,COMPETITIVE_OTHER,EUR,24,23,1,4.35,,3,15000.0,20000.0,27834.2,0,,,4,25.0,2500.0,67.93,OPEN_BID
Software licence renewal / licensing,Canada federal,CANADA,OPEN_PUBLIC,CAD,22,4,1,25.0,,9,69732.3,510618.9,978530.73,0,,,9,11.11,1111.11,67.84,OPEN_BID
Graphic design / DTP / visual identity,France,FRANCE,UNKNOWN,EUR,23,20,2,10.0,,5,300000.0,400000.0,678000.0,0,,,1,100.0,10000.0,67.75,OTHER_ROUTE
Media / press monitoring,United Kingdom,UNITED KINGDOM,OPEN_PUBLIC,GBP,22,20,2,10.0,88303.0,17,22000.0,66000.0,80000.0,16,7.0,0.0,12,27.78,1828.7,67.69,OPEN_BID
Website maintenance / hosting / support,Germany,GERMANY,UNKNOWN,EUR,44,7,2,28.57,484747400.0,0,,,,0,,,,,,67.54,OTHER_ROUTE
Market research / surveys / polling,United Kingdom,UNITED KINGDOM,DIRECT_NONCOMPETITIVE,GBP,29,24,4,16.67,,24,31011.75,49965.104999999996,277028.25,0,,,29,3.45,344.83,67.45,DIRECT_BUYER
Web accessibility / WCAG audit-remediation,United Kingdom,UNITED KINGDOM,COMPETITIVE_OTHER,GBP,10,10,0,0.0,82500.0,17,98985.0,162400.0,175000.0,12,3.0,0.0,40,5.88,399.46,67.4,OPEN_BID
LMS / e-learning platform software,Ireland,IRELAND,OPEN_PUBLIC,EUR,20,19,1,5.26,197500.0,8,211331.25,376524.0,431625.0,8,6.0,0.0,8,12.5,1250.0,67.38,OPEN_BID
Social media / community management,France,FRANCE,OPEN_PUBLIC,EUR,16,15,1,6.67,,4,88902.0,179373.0,350647.5,0,,,3,33.33,3333.33,67.36,OPEN_BID
Website design / redesign / development,France,FRANCE,UNKNOWN,EUR,25,24,1,4.17,,6,144097.01,203380.0,351821.25,0,,,5,20.0,2000.0,67.03,OTHER_ROUTE
Video production / editing / motion,Germany,GERMANY,COMPETITIVE_OTHER,EUR,12,5,2,40.0,305600.0,3,389352.5,550000.0,889535.0,3,3.0,0.0,3,33.33,3333.33,66.96,OPEN_BID
Document scanning / digitization / OCR,Canada federal,CANADA,OPEN_PUBLIC,CAD,8,5,1,20.0,,3,134622.45500000002,224490.89,1242245.445,0,,,14,13.33,755.56,66.95,OPEN_BID
Annual report / publication layout-production,United Kingdom,UNITED KINGDOM,DIRECT_NONCOMPETITIVE,GBP,19,15,2,13.33,,18,101684.0,314677.8,1294909.25,0,,,17,10.53,637.12,66.81,DIRECT_BUYER
Social media / community management,United Kingdom,UNITED KINGDOM,OPEN_PUBLIC,GBP,13,13,0,0.0,45800.0,7,106666.5,180810.0,412949.0,8,3.5,25.0,9,11.11,1111.11,66.71,OPEN_BID
Transcription / speech-to-text,United Kingdom,UNITED KINGDOM,DIRECT_NONCOMPETITIVE,GBP,9,7,2,28.57,,7,49000.0,75000.0,91370.0,0,,,8,12.5,1250.0,66.63,DIRECT_BUYER
SEO / digital marketing,Germany,GERMANY,COMPETITIVE_OTHER,EUR,11,8,1,12.5,400000.0,2,87100.75,174200.5,261300.25,7,3.5,0.0,7,14.29,1428.57,66.56,OPEN_BID
Graphic design / DTP / visual identity,Quebec,CANADA - QUEBEC,OPEN_PUBLIC,CAD,18,16,1,6.25,,306,80.125,100.0,117.5,317,6.0,0.95,48,4.1,338.84,66.54,OPEN_BID
Subtitling / captioning,France,FRANCE,OPEN_PUBLIC,EUR,15,15,0,0.0,,2,161874.0,307916.0,453958.0,0,,,3,33.33,3333.33,66.46,OPEN_BID
Translation services,TED,ES,UNKNOWN,EUR,22,20,2,10.0,477397.92000000004,19,1.0,26.0,181798.1,19,3.0,26.32,16,15.79,948.75,66.41,OTHER_ROUTE
SEO / digital marketing,France,FRANCE,COMPETITIVE_OTHER,EUR,12,7,2,28.57,,0,,,,0,,,12,25.0,1197.92,66.27,OPEN_BID
LMS / e-learning platform software,Germany,GERMANY,OPEN_PUBLIC,EUR,19,5,1,20.0,,2,566448.5,699039.0,831629.5,7,4.0,0.0,9,11.11,1111.11,66.25,OPEN_BID
Website design / redesign / development,Ireland,IRELAND,OPEN_PUBLIC,EUR,11,9,1,11.11,140000.0,9,70000.0,72000.0,200000.0,9,12.0,11.11,7,44.44,2530.86,66.11,OPEN_BID
LMS / e-learning platform software,United Kingdom,UNITED KINGDOM,COMPETITIVE_OTHER,GBP,12,10,2,20.0,,9,49999.0,88064.0,96000.0,3,2.5,0.0,10,10.0,1000.0,66.04,OPEN_BID
Web accessibility / WCAG audit-remediation,United Kingdom,UNITED KINGDOM,UNKNOWN,GBP,22,21,1,4.76,57500.0,4,16582.5,134060.0,250000.0,2,7.0,0.0,3,50.0,3750.0,65.71,OTHER_ROUTE
Annual report / publication layout-production,Canada federal,CANADA,DIRECT_NONCOMPETITIVE,CAD,16,12,2,16.67,,3,90440.235,90897.6,8671919.085,0,,,5,20.0,2000.0,65.7,DIRECT_BUYER
Video production / editing / motion,United Kingdom,UNITED KINGDOM,OPEN_PUBLIC,GBP,21,20,1,5.0,200000.0,13,60000.0,350000.0,350000.0,10,19.5,0.0,24,7.14,667.9,65.68,OPEN_BID
SEO / digital marketing,TED,ESP,UNKNOWN,UNKNOWN,20,1,1,100.0,,0,,,,15,1.0,80.0,4,93.48,8752.36,65.67,OTHER_ROUTE
Document-management software licensing,Ireland,IRELAND,OPEN_PUBLIC,EUR,14,11,2,18.18,240000.0,7,74300.0,140105.88,933470.755,7,1.0,57.14,4,28.57,2653.06,65.5,OPEN_BID
Commercial printing / print production,Ireland,IRELAND,OPEN_PUBLIC,EUR,12,11,1,9.09,100000.0,5,70000.0,100000.0,117000.0,5,6.0,20.0,7,20.0,1733.33,65.48,OPEN_BID
Translation services,TED,POL,UNKNOWN,UNKNOWN,32,4,2,50.0,,0,,,,5,3.0,40.0,4,65.22,4971.64,65.42,OTHER_ROUTE
SaaS / cloud software subscription,United Kingdom,UNITED KINGDOM,DIRECT_NONCOMPETITIVE,GBP,24,15,3,20.0,,21,16047.86,30625.0,55200.0,0,,,23,8.33,451.39,65.23,DIRECT_BUYER
Commercial printing / print production,Canada federal,CANADA,COMPETITIVE_OTHER,CAD,9,6,2,33.33,,10,1.0,1.0,1.0,0,,,11,9.09,909.09,65.18,OPEN_BID
WordPress / Drupal / CMS implementation,United Kingdom,UNITED KINGDOM,OPEN_PUBLIC,GBP,10,10,0,0.0,100000.0,5,159375.0,159375.0,314336.25,7,35.0,0.0,6,16.67,1666.67,65.07,OPEN_BID
Translation services,Belgium,BE,UNKNOWN,UNKNOWN,46,42,4,9.52,,0,,,,0,,,,,,64.84,OTHER_ROUTE
Document-management software licensing,United Kingdom,UNITED KINGDOM,UNKNOWN,GBP,17,17,0,0.0,2550000.0,15,214878.0,380000.0,633686.47,13,1.0,100.0,13,13.33,844.44,64.74,OTHER_ROUTE
Social media / community management,United Kingdom,UNITED KINGDOM,COMPETITIVE_OTHER,GBP,9,8,1,12.5,,7,36572.5,41600.0,50499.0,0,,,8,22.22,1358.02,64.73,OPEN_BID
Media / press monitoring,United Kingdom,UNITED KINGDOM,DIRECT_NONCOMPETITIVE,GBP,27,26,1,3.85,,26,14250.0,36338.325,59734.07,0,,,21,13.79,630.2,64.72,DIRECT_BUYER
Website maintenance / hosting / support,Belgium,BE,UNKNOWN,UNKNOWN,60,58,2,3.45,,0,,,,0,,,,,,64.59,OTHER_ROUTE
Translation services,United Kingdom,UNITED KINGDOM,COMPETITIVE_OTHER,GBP,7,6,1,16.67,3500000.0,5,120000.0,150000.0,200000.0,4,2.0,50.0,5,20.0,2000.0,64.27,OPEN_BID
Commercial printing / print production,United Kingdom,UNITED KINGDOM,COMPETITIVE_OTHER,GBP,16,15,1,6.67,1500000.0,7,102465.5,281331.0,1350032.69,7,5.0,0.0,10,30.0,1533.33,64.26,OPEN_BID
Social media / community management,Ireland,IRELAND,OPEN_PUBLIC,EUR,8,7,1,14.29,30000.0,3,65157.58,80481.0,133990.5,3,3.0,0.0,2,66.67,5555.56,63.99,OPEN_BID
Translation services,TED,ITA,UNKNOWN,EUR,18,1,1,100.0,744000.0,6,190600.0,289833.88,479839.69,4,1.5,50.0,4,50.0,3333.33,63.97,OTHER_ROUTE
Video production / editing / motion,United Kingdom,UNITED KINGDOM,COMPETITIVE_OTHER,GBP,8,7,1,14.29,500000.0,5,21666.0,36000.0,49249.3,1,7.0,0.0,11,14.29,1265.31,63.95,OPEN_BID
Annual report / publication layout-production,Canada federal,CANADA,COMPETITIVE_OTHER,CAD,5,3,2,66.67,,2,95077.14,95961.01000000001,96844.88,0,,,2,50.0,5000.0,63.9,OPEN_BID
Mailing / fulfilment / routing,France,FRANCE,COMPETITIVE_OTHER,EUR,22,21,1,4.76,,2,56181.88,56457.259999999995,56732.64,0,,,2,66.67,5555.56,63.81,OPEN_BID
Market research / surveys / polling,Ireland,IRELAND,COMPETITIVE_OTHER,EUR,12,10,2,20.0,1500000.0,6,60175.0,166500.0,1175750.0,4,5.0,0.0,7,50.0,3055.56,63.74,OPEN_BID
Software licence renewal / licensing,France,FRANCE,OPEN_PUBLIC,EUR,20,19,1,5.26,,6,806000.5599999999,985000.0,1142500.0,0,,,5,33.33,2222.22,63.71,OPEN_BID
Mailing / fulfilment / routing,France,FRANCE,UNKNOWN,EUR,26,24,2,8.33,,15,392500.0,575666.0,1311503.5,0,,,6,16.67,1666.67,63.39,OTHER_ROUTE
LMS / e-learning platform software,United Kingdom,UNITED KINGDOM,DIRECT_NONCOMPETITIVE,GBP,28,26,2,7.69,,24,27764.46,76306.25,178730.0,0,,,27,6.67,400.0,63.22,DIRECT_BUYER
LMS / e-learning platform software,United Kingdom,UNITED KINGDOM,OPEN_PUBLIC,GBP,36,36,0,0.0,340000.0,23,82655.76000000001,180000.0,390984.5,21,9.5,0.0,21,12.0,568.0,63.17,OPEN_BID
SaaS / cloud software subscription,Canada federal,CANADA,OPEN_PUBLIC,CAD,9,2,1,50.0,,1,43907.94,43907.94,43907.94,0,,,1,100.0,10000.0,63.1,OPEN_BID
Mailing / fulfilment / routing,Quebec,CANADA - QUEBEC,DIRECT_NONCOMPETITIVE,CAD,9,3,2,66.67,,11,23876.33,37891.17,56796.78,11,1.0,100.0,5,45.45,2892.56,62.99,DIRECT_BUYER
Video production / editing / motion,United Kingdom,UNITED KINGDOM,DIRECT_NONCOMPETITIVE,GBP,9,7,2,28.57,,8,61324.015,70000.0,99500.0,0,,,7,25.0,1562.5,62.93,DIRECT_BUYER
Document scanning / digitization / OCR,France,FRANCE,OPEN_PUBLIC,EUR,5,4,1,25.0,,1,80000.0,80000.0,80000.0,0,,,1,100.0,10000.0,62.32,OPEN_BID
Graphic design / DTP / visual identity,United Kingdom,UNITED KINGDOM,UNKNOWN,GBP,12,11,1,9.09,1892313.0,2,225929.7925,419342.085,612754.3775000001,1,7.0,0.0,3,33.33,3333.33,62.08,OTHER_ROUTE
Translation services,TED,LUX,UNKNOWN,EUR,29,1,1,100.0,7000000.0,3,6.61,12.56,13.14,0,,,2,66.67,5555.56,62.01,OTHER_ROUTE
SEO / digital marketing,United Kingdom,UNITED KINGDOM,UNKNOWN,GBP,14,14,0,0.0,10000000.0,8,46937.5,125750.0,725943.75,6,2.0,16.67,10,10.0,1000.0,61.92,OTHER_ROUTE
Social media / community management,United Kingdom,UNITED KINGDOM,UNKNOWN,GBP,13,12,1,8.33,12000000.0,5,19656.0,45000.0,87491.25,4,2.0,50.0,5,37.5,2500.0,61.9,OTHER_ROUTE
Translation services,TED,ESP,UNKNOWN,UNKNOWN,25,1,1,100.0,,0,,,,15,4.0,26.67,6,52.94,3356.4,61.43,OTHER_ROUTE
SEO / digital marketing,United Kingdom,UNITED KINGDOM,DIRECT_NONCOMPETITIVE,GBP,13,12,1,8.33,,10,40008.75,50500.0,136657.59999999998,0,,,14,13.33,755.56,61.34,DIRECT_BUYER
Mailing / fulfilment / routing,United Kingdom,UNITED KINGDOM,UNKNOWN,GBP,11,9,2,22.22,2018125.0,4,750000.0,885500.0,1008804.75,3,1.0,100.0,6,16.67,1666.67,61.23,OTHER_ROUTE
Subtitling / captioning,Canada federal,CANADA,OPEN_PUBLIC,CAD,8,8,0,0.0,,3,266950.0,500000.0,500000.0,0,,,4,25.0,2500.0,61.11,OPEN_BID
Web accessibility / WCAG audit-remediation,Germany,GERMANY,COMPETITIVE_OTHER,EUR,5,4,1,25.0,,1,1200520.0,1200520.0,1200520.0,2,4.0,0.0,3,33.33,3333.33,61.02,OPEN_BID
Software licence renewal / licensing,Canada federal,CANADA,COMPETITIVE_OTHER,CAD,5,3,1,33.33,,5,354773.76,374774.43,415884.02,0,,,5,20.0,2000.0,60.9,OPEN_BID
Commercial printing / print production,TED,NOR,UNKNOWN,NOK,29,1,1,100.0,7000000.0,9,3200000.0,4500000.0,10000000.0,13,3.0,0.0,4,66.67,5108.02,60.88,OTHER_ROUTE
Mailing / fulfilment / routing,Canada federal,CANADA,OPEN_PUBLIC,CAD,8,6,1,16.67,,2,223996.69999999998,252347.25,280697.8,0,,,2,50.0,5000.0,60.82,OPEN_BID
Transcription / speech-to-text,France,FRANCE,UNKNOWN,EUR,9,8,1,12.5,,4,275000.0,380000.0,700000.0,0,,,1,100.0,10000.0,60.81,OTHER_ROUTE
Promotional merchandise / branded goods,Canada federal,CANADA,OPEN_PUBLIC,CAD,4,2,1,50.0,,7,109228.91500000001,186098.54,258220.58000000002,0,,,7,14.29,1428.57,60.73,OPEN_BID
Document scanning / digitization / OCR,Germany,GERMANY,COMPETITIVE_OTHER,EUR,11,7,1,14.29,320000.0,5,1.0,1.0,800640.0,3,1.0,100.0,5,25.0,2187.5,60.48,OPEN_BID
Media / press monitoring,United Kingdom,UNITED KINGDOM,UNKNOWN,GBP,13,13,0,0.0,320000.0,10,28678.267499999998,54949.575,114822.0,6,1.0,66.67,10,10.0,1000.0,60.4,OTHER_ROUTE
SEO / digital marketing,TED,ITA,UNKNOWN,EUR,6,1,1,100.0,701875.0,4,258843.75,435960.0,954850.0,1,2.0,0.0,6,25.0,1875.0,60.35,OTHER_ROUTE
Market research / surveys / polling,Canada federal,CANADA,COMPETITIVE_OTHER,CAD,12,10,1,10.0,,3,27064.575,27225.0,108612.5,0,,,3,33.33,3333.33,60.14,OPEN_BID
Data entry / document indexing,Canada federal,CANADA,COMPETITIVE_OTHER,CAD,7,6,1,16.67,,2,72707.025,74461.35,76215.675,0,,,2,50.0,5000.0,60.07,OPEN_BID
Data entry / document indexing,TED,ITA,UNKNOWN,EUR,17,1,1,100.0,989003.85,8,459093.75,714734.6499999999,951009.23,2,3.5,0.0,4,50.0,3437.5,59.92,OTHER_ROUTE
Transcription / speech-to-text,Ireland,IRELAND,FRAMEWORK_DPS_CALLOFF,EUR,5,3,1,33.33,,5,100000.0,150000.0,275000.0,0,,,1,100.0,10000.0,59.8,OTHER_ROUTE
Website maintenance / hosting / support,TED,MLT,UNKNOWN,EUR,5,2,2,100.0,289500.0,5,123480.0,155000.0,289500.0,1,9.0,0.0,3,40.0,3600.0,59.77,OTHER_ROUTE
Website maintenance / hosting / support,Germany,GERMANY,DIRECT_NONCOMPETITIVE,EUR,27,10,0,0.0,308986.62,10,276915.88749999995,623052.86,1466365.0,5,1.0,80.0,7,22.22,1604.94,59.74,DIRECT_BUYER
Translation services,TED,POL,UNKNOWN,PLN,14,1,1,100.0,1827609.755,18,506055.6375,1255048.95,2348750.0,4,3.0,25.0,5,62.5,4513.89,59.73,OTHER_ROUTE
Website design / redesign / development,United Kingdom,UNITED KINGDOM,DIRECT_NONCOMPETITIVE,GBP,14,14,0,0.0,,10,39611.0,63750.0,151136.5975,0,,,15,7.69,729.78,59.6,DIRECT_BUYER
Website design / redesign / development,Belgium,BE,UNKNOWN,UNKNOWN,16,14,2,14.29,,0,,,,0,,,,,,59.51,OTHER_ROUTE
SEO / digital marketing,TenderNed,NETHERLANDS,UNKNOWN,UNKNOWN,10,8,2,25.0,,0,,,,0,,,3,33.33,3333.33,59.3,OTHER_ROUTE
Market research / surveys / polling,Belgium,BE,UNKNOWN,UNKNOWN,17,13,3,23.08,,0,,,,0,,,,,,59.15,OTHER_ROUTE
Transcription / speech-to-text,Quebec,CANADA - QUEBEC,OPEN_PUBLIC,CAD,8,8,0,0.0,3341649.0,8,423290.0,976892.64,1339456.8375,8,1.0,50.0,3,75.0,5937.5,59.11,OPEN_BID
Media / press monitoring,Germany,GERMANY,OPEN_PUBLIC,EUR,22,6,0,0.0,,3,26.031999999999996,32.544,48.4,5,5.0,0.0,5,42.86,2653.06,59.06,OPEN_BID
Mailing / fulfilment / routing,Belgium,BE,UNKNOWN,UNKNOWN,19,15,3,20.0,,0,,,,0,,,,,,59.06,OTHER_ROUTE
Software licence renewal / licensing,Belgium,BE,UNKNOWN,UNKNOWN,15,11,3,27.27,,0,,,,0,,,,,,58.62,OTHER_ROUTE
Video production / editing / motion,Ireland,IRELAND,OPEN_PUBLIC,EUR,6,6,0,0.0,210000.0,5,50000.0,200000.0,220000.0,5,20.0,0.0,8,20.0,1533.33,58.62,OPEN_BID
Translation services,Ireland,IRELAND,COMPETITIVE_OTHER,EUR,4,1,1,100.0,,4,50000.0,50000.0,50000.0,0,,,3,50.0,3750.0,58.62,OPEN_BID
Media / press monitoring,Belgium,BE,UNKNOWN,UNKNOWN,12,9,2,22.22,,0,,,,0,,,,,,58.51,OTHER_ROUTE
Software licence renewal / licensing,Quebec,CANADA - QUEBEC,OPEN_PUBLIC,CAD,4,3,1,33.33,,5,104342.67,198425.0,198425.0,5,4.0,0.0,3,40.0,3600.0,58.51,OPEN_BID
Translation services,Ireland,IRELAND,FRAMEWORK_DPS_CALLOFF,EUR,7,4,1,25.0,,7,110000.0,120000.0,365000.0,1,5.0,0.0,3,50.0,3888.89,58.21,OTHER_ROUTE
SEO / digital marketing,Quebec,CANADA - QUEBEC,DIRECT_NONCOMPETITIVE,CAD,6,4,1,25.0,,7,50000.0,75000.0,99500.0,7,1.0,100.0,6,28.57,1836.73,58.18,DIRECT_BUYER
LMS / e-learning platform software,Germany,GERMANY,COMPETITIVE_OTHER,EUR,8,2,1,50.0,7999510.82,0,,,,4,5.0,0.0,5,20.0,2000.0,57.8,OPEN_BID
Promotional merchandise / branded goods,Quebec,CANADA - QUEBEC,LIMITED_INVITATION,CAD,7,4,2,50.0,,36,1163.75,5166.625,15132.9225,36,3.0,47.22,6,44.44,2978.4,57.73,OTHER_ROUTE
Data entry / document indexing,United Kingdom,UNITED KINGDOM,OPEN_PUBLIC,GBP,9,8,1,12.5,700000.0,8,1041084.75,25753419.475,100000000.0,6,3.0,16.67,15,12.5,939.98,57.71,OPEN_BID
Data entry / document indexing,Canada federal,CANADA,OPEN_PUBLIC,CAD,10,10,0,0.0,,1,599537.14,599537.14,599537.14,0,,,1,100.0,10000.0,57.7,OPEN_BID
Commercial printing / print production,TED,MLT,UNKNOWN,EUR,9,1,1,100.0,123227.0,3,36885.130000000005,59974.26,1278237.13,2,0.5,50.0,1,100.0,10000.0,57.64,OTHER_ROUTE
Market research / surveys / polling,Canada federal,CANADA,DIRECT_NONCOMPETITIVE,CAD,9,6,2,33.33,,3,423418.5,696837.0,848418.5,0,,,3,33.33,3333.33,57.51,DIRECT_BUYER
Document scanning / digitization / OCR,United Kingdom,UNITED KINGDOM,UNKNOWN,GBP,7,6,1,16.67,15000000.0,1,422700.0,422700.0,422700.0,1,1.0,100.0,1,100.0,10000.0,57.47,OTHER_ROUTE
Annual report / publication layout-production,France,FRANCE,COMPETITIVE_OTHER,EUR,7,7,0,0.0,,2,20734.375,22193.75,23653.125,0,,,2,50.0,5000.0,57.2,OPEN_BID
Market research / surveys / polling,Germany,GERMANY,OPEN_PUBLIC,EUR,19,5,0,0.0,,2,336961.46499999997,561574.31,786187.155,2,3.5,0.0,3,33.33,3333.33,56.84,OPEN_BID
Graphic design / DTP / visual identity,United Kingdom,UNITED KINGDOM,DIRECT_NONCOMPETITIVE,GBP,4,3,1,33.33,,2,25422.25,28144.5,30866.75,0,,,4,25.0,2500.0,56.81,DIRECT_BUYER
SEO / digital marketing,Belgium,BE,UNKNOWN,UNKNOWN,14,13,1,7.69,,0,,,,0,,,,,,56.22,OTHER_ROUTE
Promotional merchandise / branded goods,Canada federal,CANADA,COMPETITIVE_OTHER,CAD,5,1,1,100.0,,3,167892.575,194083.15,218805.85499999998,0,,,2,66.67,5555.56,56.11,OPEN_BID
WordPress / Drupal / CMS implementation,United Kingdom,UNITED KINGDOM,COMPETITIVE_OTHER,GBP,5,5,0,0.0,400000.0,4,86250.0025,106958.33499999999,115231.0,2,12.0,0.0,6,25.0,2083.33,56.08,OPEN_BID
LMS / e-learning platform software,Canada federal,CANADA,OPEN_PUBLIC,CAD,10,7,1,14.29,,0,,,,0,,,,,,55.98,OPEN_BID
Graphic design / DTP / visual identity,TED,NOR,UNKNOWN,NOK,7,1,1,100.0,4800000.0,0,,,,1,8.0,0.0,2,50.0,5000.0,55.9,OTHER_ROUTE
Annual report / publication layout-production,United Kingdom,UNITED KINGDOM,COMPETITIVE_OTHER,GBP,8,8,0,0.0,1125000.0,31,10000.0,20000.0,162500000.0,31,22.5,70.97,153,6.45,303.52,55.69,OPEN_BID
Translation services,United Kingdom,UNITED KINGDOM,DIRECT_NONCOMPETITIVE,GBP,10,10,0,0.0,,12,19000.0,39000.0,109999.25,0,,,10,23.08,1242.6,55.65,DIRECT_BUYER
WordPress / Drupal / CMS implementation,Belgium,BE,UNKNOWN,UNKNOWN,7,4,1,25.0,,0,,,,0,,,,,,55.61,OTHER_ROUTE
Video production / editing / motion,Canada federal,CANADA,COMPETITIVE_OTHER,CAD,3,1,1,100.0,,1,62850.16,62850.16,62850.16,0,,,1,100.0,10000.0,55.43,OPEN_BID
Translation services,TED,NOR,UNKNOWN,UNKNOWN,9,1,1,100.0,,0,,,,2,1.5,0.0,4,33.33,2777.78,55.34,OTHER_ROUTE
Data entry / document indexing,France,FRANCE,OPEN_PUBLIC,EUR,6,6,0,0.0,,1,193000.0,193000.0,193000.0,0,,,1,100.0,10000.0,55.32,OPEN_BID
Social media / community management,Belgium,BE,UNKNOWN,UNKNOWN,11,9,1,11.11,,0,,,,0,,,,,,55.16,OTHER_ROUTE
Commercial printing / print production,United Kingdom,UNITED KINGDOM,DIRECT_NONCOMPETITIVE,GBP,6,5,1,20.0,,8,202500.0,250000.0,278412.45,0,,,8,22.22,1358.02,55.15,DIRECT_BUYER
Website maintenance / hosting / support,TenderNed,NETHERLANDS,UNKNOWN,UNKNOWN,9,8,1,12.5,,0,,,,0,,,2,50.0,5000.0,54.91,OTHER_ROUTE
Translation services,TED,AUT,UNKNOWN,EUR,4,2,1,50.0,760000.0,3,1000000.0,1000000.0,1000000.0,0,,,3,33.33,3333.33,54.88,OTHER_ROUTE
Promotional merchandise / branded goods,United Kingdom,UNITED KINGDOM,OPEN_PUBLIC,GBP,15,15,0,0.0,400000.0,17,300000.0,700000.0,1950000.0,17,12.0,0.0,18,17.65,800.46,54.75,OPEN_BID
Translation services,TED,NOR,UNKNOWN,NOK,14,1,1,100.0,12650000.0,5,12500000.0,12800000.0,15000000.0,9,6.0,11.11,4,60.0,4200.0,54.73,OTHER_ROUTE
Annual report / publication layout-production,Quebec,CANADA - QUEBEC,LIMITED_INVITATION,CAD,3,1,1,100.0,,3,89983.745,90765.29,91185.81,3,2.0,33.33,2,66.67,5555.56,54.73,OTHER_ROUTE
Commercial printing / print production,TED,NOR,UNKNOWN,UNKNOWN,13,1,1,100.0,,0,,,,1,5.0,0.0,1,100.0,10000.0,54.68,OTHER_ROUTE
Promotional merchandise / branded goods,Quebec,CANADA - QUEBEC,DIRECT_NONCOMPETITIVE,CAD,7,7,0,0.0,,11,34866.58,67921.48,74241.175,11,1.0,100.0,7,18.18,1570.25,54.34,DIRECT_BUYER
WordPress / Drupal / CMS implementation,Canada federal,CANADA,COMPETITIVE_OTHER,CAD,5,5,0,0.0,,2,313410.9375,350190.625,386970.3125,0,,,2,50.0,5000.0,54.08,OPEN_BID
Annual report / publication layout-production,Belgium,BE,UNKNOWN,UNKNOWN,6,5,1,20.0,,0,,,,0,,,,,,54.03,OTHER_ROUTE
Transcription / speech-to-text,TED,NOR,UNKNOWN,UNKNOWN,5,1,1,100.0,,0,,,,0,,,1,100.0,10000.0,53.91,OTHER_ROUTE
Software licence renewal / licensing,Ireland,IRELAND,COMPETITIVE_OTHER,EUR,4,2,1,50.0,7000000.0,4,556553.97,1414272.5,3407055.0,1,6.0,0.0,2,75.0,6250.0,53.88,OPEN_BID
Data entry / document indexing,TED,IT,UNKNOWN,EUR,4,3,1,33.33,936000.0,2,315822.58499999996,522548.39,729274.195,2,1.5,50.0,2,50.0,5000.0,53.71,OTHER_ROUTE
Document scanning / digitization / OCR,Germany,GERMANY,DIRECT_NONCOMPETITIVE,EUR,5,2,1,50.0,502292.0,3,888836.01,1282000.0,1282000.0,2,1.0,100.0,2,50.0,5000.0,53.47,DIRECT_BUYER
Media / press monitoring,TED,NOR,UNKNOWN,NOK,8,1,1,100.0,6000000.0,4,1925000.0,2650000.0,4575000.0,3,2.0,0.0,2,87.5,7812.5,53.24,OTHER_ROUTE
Website maintenance / hosting / support,TED,NOR,UNKNOWN,UNKNOWN,5,1,1,100.0,,0,,,,1,2.0,0.0,1,100.0,10000.0,53.01,OTHER_ROUTE
Software licence renewal / licensing,TED,NOR,UNKNOWN,NOK,23,1,1,100.0,75000000.0,6,13500000.0,47500000.0,158750000.0,4,2.5,25.0,1,100.0,10000.0,52.96,OTHER_ROUTE
Website maintenance / hosting / support,TED,NOR,UNKNOWN,NOK,8,1,1,100.0,5800000.0,2,6500000.0,7000000.0,7500000.0,1,5.0,0.0,2,66.67,5555.56,52.54,OTHER_ROUTE
Translation services,Germany,GERMANY,UNKNOWN,EUR,40,2,0,0.0,2200000.0,0,,,,0,,,,,,52.21,OTHER_ROUTE
Promotional merchandise / branded goods,Ireland,IRELAND,OPEN_PUBLIC,EUR,6,6,0,0.0,625000.0,3,471000.0,500000.0,575000.0,3,10.0,0.0,6,55.56,3703.7,52.18,OPEN_BID
Website design / redesign / development,TED,NOR,UNKNOWN,UNKNOWN,5,1,1,100.0,,0,,,,0,,,,,,52.11,OTHER_ROUTE
Document scanning / digitization / OCR,TED,ITA,UNKNOWN,EUR,3,1,1,100.0,371685.0,1,235425.28,235425.28,235425.28,1,1.0,100.0,1,100.0,10000.0,51.93,OTHER_ROUTE
Graphic design / DTP / visual identity,TED,NOR,UNKNOWN,UNKNOWN,4,1,1,100.0,,0,,,,7,1.0,28.57,2,50.0,5000.0,51.92,OTHER_ROUTE
Social media / community management,Germany,GERMANY,COMPETITIVE_OTHER,EUR,7,7,0,0.0,268000.0,3,425.63,710.08,3810355.04,5,4.5,0.0,4,40.0,2800.0,51.8,OPEN_BID
Media / press monitoring,Quebec,CANADA - QUEBEC,LIMITED_INVITATION,CAD,6,6,0,0.0,,8,33633.75,58291.840000000004,74757.82250000001,8,2.5,25.0,4,37.5,2812.5,51.72,OTHER_ROUTE
Document scanning / digitization / OCR,Belgium,BE,UNKNOWN,UNKNOWN,4,3,1,33.33,,0,,,,0,,,,,,51.61,OTHER_ROUTE
Video production / editing / motion,Quebec,CANADA - QUEBEC,OPEN_PUBLIC,CAD,4,4,0,0.0,,4,81600.0,85050.0,189875.0,4,13.0,0.0,3,50.0,3750.0,51.33,OPEN_BID
Document scanning / digitization / OCR,TED,ESP,UNKNOWN,EUR,5,1,1,100.0,247900.0,0,,,,3,0.0,0.0,,,,51.21,OTHER_ROUTE
Website maintenance / hosting / support,TenderNed,NETHERLANDS,UNKNOWN,EUR,5,5,0,0.0,549070.0,4,450000.0,525000.0,557234.0,0,,,5,20.0,2000.0,50.98,OTHER_ROUTE
Video production / editing / motion,TED,AUT,UNKNOWN,UNKNOWN,4,2,1,50.0,,0,,,,5,6.75,0.0,3,60.0,4400.0,50.98,OTHER_ROUTE
Website design / redesign / development,TED,NOR,UNKNOWN,NOK,4,1,1,100.0,4800000.0,2,1.0,1.0,1.0,0,,,1,100.0,10000.0,50.62,OTHER_ROUTE
Subtitling / captioning,United Kingdom,UNITED KINGDOM,OPEN_PUBLIC,GBP,3,3,0,0.0,15000.0,1,240000.0,240000.0,240000.0,1,7.0,0.0,4,66.67,4814.81,50.52,OPEN_BID
Social media / community management,United Kingdom,UNITED KINGDOM,DIRECT_NONCOMPETITIVE,GBP,6,6,0,0.0,,5,26950.0,27450.0,63588.8,0,,,5,33.33,2222.22,50.46,DIRECT_BUYER
Software licence renewal / licensing,TED,NOR,UNKNOWN,UNKNOWN,8,1,1,100.0,,0,,,,1,2.0,0.0,2,50.0,5000.0,50.14,OTHER_ROUTE
SEO / digital marketing,TED,MKD,UNKNOWN,UNKNOWN,4,1,1,100.0,,0,,,,0,,,,,,50.12,OTHER_ROUTE
Graphic design / DTP / visual identity,TED,LUX,UNKNOWN,UNKNOWN,3,1,1,100.0,,0,,,,6,2.0,16.67,3,33.33,3333.33,49.63,OTHER_ROUTE
Social media / community management,TED,SWE,UNKNOWN,SEK,4,1,1,100.0,15000000.0,1,3379000.0,3379000.0,3379000.0,2,3.5,0.0,2,50.0,5000.0,49.62,OTHER_ROUTE
Annual report / publication layout-production,Ireland,IRELAND,OPEN_PUBLIC,EUR,3,3,0,0.0,120000.0,3,33000.0,38000.0,502492.0,3,6.0,33.33,3,33.33,3333.33,49.62,OPEN_BID
WordPress / Drupal / CMS implementation,Canada federal,CANADA,OPEN_PUBLIC,CAD,3,3,0,0.0,,1,101089.8,101089.8,101089.8,0,,,1,100.0,10000.0,49.62,OPEN_BID
Annual report / publication layout-production,Germany,GERMANY,OPEN_PUBLIC,EUR,9,0,0,0.0,,0,,,,0,,,,,,49.61,OPEN_BID
SEO / digital marketing,TED,AUT,UNKNOWN,UNKNOWN,3,2,1,50.0,,0,,,,1,3.0,0.0,3,33.33,3333.33,49.59,OTHER_ROUTE
Transcription / speech-to-text,Quebec,CANADA - QUEBEC,LIMITED_INVITATION,CAD,4,4,0,0.0,,5,48000.0,48000.0,73188.0,5,1.5,60.0,4,40.0,2800.0,49.53,OTHER_ROUTE
Video production / editing / motion,TED,NOR,UNKNOWN,NOK,6,1,1,100.0,11000000.0,2,28250000.0,50500000.0,72750000.0,3,7.0,33.33,3,50.0,3750.0,49.45,OTHER_ROUTE
Media / press monitoring,United Kingdom,UNITED KINGDOM,COMPETITIVE_OTHER,GBP,4,4,0,0.0,,2,43851.0,50034.0,56217.0,0,,,4,25.0,2500.0,49.33,OPEN_BID
Document scanning / digitization / OCR,United Kingdom,UNITED KINGDOM,OPEN_PUBLIC,GBP,4,4,0,0.0,146000000.0,3,373969.54,534939.08,52791122.54,3,6.0,0.0,3,33.33,3333.33,49.33,OPEN_BID
Media / press monitoring,Ireland,IRELAND,COMPETITIVE_OTHER,EUR,4,4,0,0.0,350000.0,2,50900.0,51800.0,52700.0,1,4.0,0.0,3,50.0,3750.0,49.33,OPEN_BID
WordPress / Drupal / CMS implementation,Germany,GERMANY,COMPETITIVE_OTHER,EUR,9,5,0,0.0,420168.07,1,10106630.63,10106630.63,10106630.63,1,3.0,0.0,3,33.33,3333.33,49.32,OPEN_BID
Video production / editing / motion,TED,MLT,UNKNOWN,EUR,4,1,1,100.0,503750.0,0,,,,0,,,1,100.0,10000.0,49.22,OTHER_ROUTE
Media / press monitoring,TED,SWE,UNKNOWN,EUR,4,1,1,100.0,850000.0,0,,,,0,,,1,100.0,10000.0,49.22,OTHER_ROUTE
Media / press monitoring,TED,NOR,UNKNOWN,UNKNOWN,4,1,1,100.0,,0,,,,0,,,,,,49.22,OTHER_ROUTE
Website design / redesign / development,Canada federal,CANADA,DIRECT_NONCOMPETITIVE,CAD,6,6,0,0.0,,2,158250.0,190500.0,222750.0,0,,,3,33.33,3333.33,49.12,DIRECT_BUYER
Video production / editing / motion,United Kingdom,UNITED KINGDOM,UNKNOWN,GBP,5,5,0,0.0,1025000.0,2,75056.25,123712.5,172368.75,2,2.0,50.0,2,50.0,5000.0,48.78,OTHER_ROUTE
Video production / editing / motion,Germany,GERMANY,DIRECT_NONCOMPETITIVE,EUR,5,1,1,100.0,,0,,,,2,1.0,100.0,1,100.0,10000.0,48.71,DIRECT_BUYER
Document scanning / digitization / OCR,TED,POL,UNKNOWN,UNKNOWN,3,2,1,50.0,,0,,,,0,,,,,,48.69,OTHER_ROUTE
Graphic design / DTP / visual identity,Germany,GERMANY,UNKNOWN,EUR,18,0,0,0.0,,0,,,,0,,,,,,48.64,OTHER_ROUTE
Promotional merchandise / branded goods,Belgium,BE,UNKNOWN,UNKNOWN,6,5,1,20.0,,0,,,,0,,,,,,48.63,OTHER_ROUTE
Website maintenance / hosting / support,Quebec,CANADA - QUEBEC,LIMITED_INVITATION,CAD,4,4,0,0.0,,7,59250.0,66708.5,67892.73999999999,7,1.5,57.14,4,28.57,2653.06,48.63,OTHER_ROUTE
Web accessibility / WCAG audit-remediation,Ireland,IRELAND,OPEN_PUBLIC,EUR,3,3,0,0.0,650000.0,2,987500.0,1325000.0,1662500.0,2,5.5,0.0,2,50.0,5000.0,48.52,OPEN_BID
LMS / e-learning platform software,TED,NOR,UNKNOWN,NOK,6,1,1,100.0,2650000.0,3,1879250.0,2796000.0,2798000.0,1,5.0,0.0,2,66.67,5555.56,48.35,OTHER_ROUTE
LMS / e-learning platform software,TED,CZE,UNKNOWN,CZK,3,1,1,100.0,4958677.0,6,275000.0,365000.0,605000.0,4,1.5,75.0,1,100.0,10000.0,48.33,OTHER_ROUTE
Software licence renewal / licensing,France,FRANCE,UNKNOWN,EUR,6,5,1,20.0,,4,1786883.5,2491255.5,2750000.0,0,,,2,50.0,5000.0,48.13,OTHER_ROUTE
Translation services,TED,CHE,UNKNOWN,UNKNOWN,5,1,1,100.0,,0,,,,27,8.0,11.11,12,26.05,1413.05,48.02,OTHER_ROUTE
Website design / redesign / development,TED,CHE,UNKNOWN,UNKNOWN,3,1,1,100.0,,0,,,,3,9.0,0.0,2,66.67,5555.56,47.83,OTHER_ROUTE
SaaS / cloud software subscription,Ireland,IRELAND,OPEN_PUBLIC,EUR,4,4,0,0.0,850000.0,2,120443.5,140887.0,161330.5,2,3.0,50.0,2,50.0,5000.0,47.73,OPEN_BID
Document-management software licensing,United Kingdom,UNITED KINGDOM,OPEN_PUBLIC,GBP,4,4,0,0.0,,2,220262.5,340765.0,461267.5,2,5.0,0.0,2,50.0,5000.0,47.73,OPEN_BID
WordPress / Drupal / CMS implementation,United Kingdom,UNITED KINGDOM,UNKNOWN,GBP,4,4,0,0.0,,3,89226.39499999999,106000.0,126200.0,2,2.5,0.0,3,33.33,3333.33,47.63,OTHER_ROUTE
Website maintenance / hosting / support,Ireland,IRELAND,COMPETITIVE_OTHER,EUR,3,3,0,0.0,225000.0,2,212500.0,225000.0,237500.0,2,8.0,0.0,1,100.0,10000.0,47.62,OPEN_BID
Website maintenance / hosting / support,TED,NO,UNKNOWN,NOK,3,2,1,50.0,10000000.0,1,8000000.0,8000000.0,8000000.0,1,5.0,0.0,1,100.0,10000.0,47.49,OTHER_ROUTE
Web accessibility / WCAG audit-remediation,Germany,GERMANY,OPEN_PUBLIC,EUR,5,1,0,0.0,,0,,,,0,,,,,,47.41,OPEN_BID
Data entry / document indexing,Quebec,CANADA - QUEBEC,DIRECT_NONCOMPETITIVE,CAD,5,5,0,0.0,,7,31211.0,49920.0,147919.79,7,1.0,100.0,5,28.57,2244.9,47.1,DIRECT_BUYER
SaaS / cloud software subscription,Germany,GERMANY,OPEN_PUBLIC,EUR,15,1,0,0.0,,0,,,,1,3.0,0.0,1,100.0,10000.0,47.08,OPEN_BID
Media / press monitoring,TED,SWE,UNKNOWN,SEK,3,1,1,100.0,8000000.0,0,,,,0,,,,,,46.93,OTHER_ROUTE
Promotional merchandise / branded goods,France,FRANCE,COMPETITIVE_OTHER,EUR,7,7,0,0.0,,0,,,,0,,,,,,46.8,OPEN_BID
Mailing / fulfilment / routing,Ireland,IRELAND,OPEN_PUBLIC,EUR,4,4,0,0.0,787500.0,1,1250000.0,1250000.0,1250000.0,1,6.0,0.0,1,100.0,10000.0,46.63,OPEN_BID
Video production / editing / motion,Germany,GERMANY,UNKNOWN,EUR,14,2,0,0.0,,0,,,,1,25.0,0.0,1,100.0,10000.0,46.58,OTHER_ROUTE
SEO / digital marketing,Germany,GERMANY,UNKNOWN,EUR,12,2,0,0.0,,0,,,,0,,,1,100.0,10000.0,46.54,OTHER_ROUTE
Data entry / document indexing,United Kingdom,UNITED KINGDOM,UNKNOWN,GBP,8,8,0,0.0,1440000.0,1,3296624.0,3296624.0,3296624.0,1,1.0,100.0,1,100.0,10000.0,46.51,OTHER_ROUTE
Market research / surveys / polling,TenderNed,NETHERLANDS,UNKNOWN,UNKNOWN,3,2,1,50.0,,0,,,,0,,,,,,45.99,OTHER_ROUTE
Website design / redesign / development,Germany,GERMANY,UNKNOWN,EUR,13,1,0,0.0,,3,1.0,1.0,1.0,3,2.0,33.33,1,100.0,10000.0,45.88,OTHER_ROUTE
LMS / e-learning platform software,TED,NOR,UNKNOWN,UNKNOWN,4,1,1,100.0,,0,,,,1,8.0,0.0,,,,45.62,OTHER_ROUTE
Software licence renewal / licensing,TED,MKD,UNKNOWN,UNKNOWN,4,1,1,100.0,,0,,,,0,,,,,,45.62,OTHER_ROUTE
Annual report / publication layout-production,France,FRANCE,UNKNOWN,EUR,5,5,0,0.0,,0,,,,0,,,,,,45.58,OTHER_ROUTE
Annual report / publication layout-production,Quebec,CANADA - QUEBEC,DIRECT_NONCOMPETITIVE,CAD,4,4,0,0.0,,6,29230.275,30000.0,63750.0,6,1.0,100.0,4,33.33,2777.78,45.13,DIRECT_BUYER
Commercial printing / print production,TED,LUX,UNKNOWN,UNKNOWN,3,1,1,100.0,,0,,,,0,,,,,,45.13,OTHER_ROUTE
Promotional merchandise / branded goods,TED,NOR,UNKNOWN,NOK,4,1,1,100.0,4000000.0,1,4000000.0,4000000.0,4000000.0,2,6.0,0.0,1,100.0,10000.0,45.12,OTHER_ROUTE
Translation services,TED,PL,UNKNOWN,PLN,4,4,0,0.0,720475.965,6,287756.2525,633004.075,1091644.51,6,1.5,33.33,8,50.0,3111.11,44.73,OTHER_ROUTE
Video production / editing / motion,France,FRANCE,COMPETITIVE_OTHER,EUR,4,4,0,0.0,,0,,,,0,,,,,,44.33,OPEN_BID
Market research / surveys / polling,TED,DNK,UNKNOWN,UNKNOWN,3,1,1,100.0,,0,,,,0,,,,,,44.23,OTHER_ROUTE
Video production / editing / motion,France,FRANCE,UNKNOWN,EUR,4,4,0,0.0,,0,,,,0,,,9,11.11,1111.11,43.94,OTHER_ROUTE
Media / press monitoring,TED,ITA,UNKNOWN,EUR,3,1,1,100.0,821311.47,1,6890000.0,6890000.0,6890000.0,1,4.0,0.0,1,100.0,10000.0,43.93,OTHER_ROUTE
Web accessibility / WCAG audit-remediation,Canada federal,CANADA,COMPETITIVE_OTHER,CAD,3,3,0,0.0,,0,,,,0,,,,,,43.52,OPEN_BID
Software licence renewal / licensing,TED,LUX,UNKNOWN,UNKNOWN,3,1,1,100.0,,0,,,,1,1.0,100.0,1,100.0,10000.0,43.33,OTHER_ROUTE
Promotional merchandise / branded goods,United Kingdom,UNITED KINGDOM,UNKNOWN,GBP,5,5,0,0.0,,4,525250.0,658500.0,875000.0,4,4.0,50.0,3,50.0,3750.0,43.18,OTHER_ROUTE
Website maintenance / hosting / support,TED,AUT,UNKNOWN,UNKNOWN,4,4,0,0.0,,0,,,,5,1.0,100.0,3,84.62,7278.11,42.63,OTHER_ROUTE
Web accessibility / WCAG audit-remediation,United Kingdom,UNITED KINGDOM,DIRECT_NONCOMPETITIVE,GBP,3,3,0,0.0,,3,25105.0,30210.0,48438.5,0,,,3,33.33,3333.33,42.52,DIRECT_BUYER
Media / press monitoring,Quebec,CANADA - QUEBEC,UNKNOWN,CAD,3,3,0,0.0,,4,287395.99,316332.95999999996,345269.93,4,3.0,0.0,2,50.0,5000.0,42.32,OTHER_ROUTE
SaaS / cloud software subscription,United Kingdom,UNITED KINGDOM,UNKNOWN,GBP,4,4,0,0.0,2334808.0,2,124425.25,131283.5,138141.75,2,1.0,100.0,3,33.33,3333.33,42.23,OTHER_ROUTE
Promotional merchandise / branded goods,United Kingdom,UNITED KINGDOM,COMPETITIVE_OTHER,GBP,3,3,0,0.0,,3,115000.0,140000.0,270000.0,2,2.5,50.0,2,66.67,5555.56,42.22,OPEN_BID
LMS / e-learning platform software,Ireland,IRELAND,COMPETITIVE_OTHER,EUR,3,3,0,0.0,187500.0,1,211000.0,211000.0,211000.0,1,12.0,0.0,1,100.0,10000.0,42.22,OPEN_BID
SEO / digital marketing,TED,ES,UNKNOWN,EUR,4,4,0,0.0,319174.94,0,,,,0,,,,,,41.73,OTHER_ROUTE
WordPress / Drupal / CMS implementation,United Kingdom,UNITED KINGDOM,DIRECT_NONCOMPETITIVE,GBP,3,3,0,0.0,,3,98500.0,140000.0,403986.0,0,,,3,33.33,3333.33,41.62,DIRECT_BUYER
Translation services,TED,IT,UNKNOWN,EUR,3,3,0,0.0,629600.0,1,600000.0,600000.0,600000.0,1,8.0,0.0,1,100.0,10000.0,41.22,OTHER_ROUTE
Document scanning / digitization / OCR,Germany,GERMANY,UNKNOWN,EUR,5,2,0,0.0,500000.0,0,,,,1,1.0,100.0,1,100.0,10000.0,40.97,OTHER_ROUTE
Document scanning / digitization / OCR,United Kingdom,UNITED KINGDOM,COMPETITIVE_OTHER,GBP,3,3,0,0.0,,0,,,,0,,,3,33.33,3333.33,40.82,OPEN_BID
WordPress / Drupal / CMS implementation,Germany,GERMANY,DIRECT_NONCOMPETITIVE,EUR,5,2,0,0.0,,1,0.01,0.01,0.01,2,4.0,0.0,2,50.0,5000.0,40.77,DIRECT_BUYER
Software licence renewal / licensing,Ireland,IRELAND,FRAMEWORK_DPS_CALLOFF,EUR,4,4,0,0.0,,3,208663.165,275326.33,2137663.165,0,,,3,33.33,3333.33,40.73,OTHER_ROUTE
Mailing / fulfilment / routing,United Kingdom,UNITED KINGDOM,DIRECT_NONCOMPETITIVE,GBP,4,4,0,0.0,,3,86000.0,112000.0,148856.46000000002,0,,,4,25.0,2500.0,40.63,DIRECT_BUYER
Media / press monitoring,Germany,GERMANY,UNKNOWN,EUR,6,1,0,0.0,,0,,,,0,,,,,,40.45,OTHER_ROUTE
Media / press monitoring,Germany,GERMANY,COMPETITIVE_OTHER,EUR,3,2,0,0.0,0.1,0,,,,0,,,,,,40.19,OPEN_BID
LMS / e-learning platform software,TenderNed,NETHERLANDS,UNKNOWN,UNKNOWN,5,5,0,0.0,,0,,,,0,,,1,100.0,10000.0,40.18,OTHER_ROUTE
Transcription / speech-to-text,Belgium,BE,UNKNOWN,UNKNOWN,3,3,0,0.0,,0,,,,0,,,,,,40.02,OTHER_ROUTE
Media / press monitoring,Canada federal,CANADA,DIRECT_NONCOMPETITIVE,CAD,3,3,0,0.0,,2,142097.5,175715.0,209332.5,0,,,2,50.0,5000.0,39.82,DIRECT_BUYER
Market research / surveys / polling,Quebec,CANADA - QUEBEC,UNKNOWN,CAD,3,3,0,0.0,,6,104479.505,142840.34,184360.5575,6,3.0,0.0,4,33.33,2777.78,39.62,OTHER_ROUTE
Document-management software licensing,Canada federal,CANADA,OPEN_PUBLIC,CAD,3,3,0,0.0,,0,,,,0,,,,,,39.22,OPEN_BID
WordPress / Drupal / CMS implementation,TenderNed,NETHERLANDS,UNKNOWN,UNKNOWN,3,3,0,0.0,,0,,,,0,,,1,100.0,10000.0,39.12,OTHER_ROUTE
Data entry / document indexing,United Kingdom,UNITED KINGDOM,DIRECT_NONCOMPETITIVE,GBP,3,3,0,0.0,,3,50000.0,70000.0,102504.065,0,,,3,33.33,3333.33,38.92,DIRECT_BUYER
Promotional merchandise / branded goods,France,FRANCE,UNKNOWN,EUR,3,3,0,0.0,,1,200000.0,200000.0,200000.0,0,,,1,100.0,10000.0,38.72,OTHER_ROUTE
Translation services,TED,PL,UNKNOWN,UNKNOWN,3,3,0,0.0,,0,,,,0,,,,,,38.22,OTHER_ROUTE
Media / press monitoring,TED,AUT,UNKNOWN,UNKNOWN,3,3,0,0.0,,0,,,,1,2.0,0.0,2,50.0,5000.0,37.32,OTHER_ROUTE
Media / press monitoring,TenderNed,NETHERLANDS,UNKNOWN,UNKNOWN,3,3,0,0.0,,0,,,,0,,,,,,37.32,OTHER_ROUTE
LMS / e-learning platform software,Belgium,BE,UNKNOWN,UNKNOWN,4,4,0,0.0,,0,,,,0,,,,,,37.23,OTHER_ROUTE
LMS / e-learning platform software,Canada federal,CANADA,COMPETITIVE_OTHER,CAD,3,3,0,0.0,,0,,,,0,,,,,,37.22,OPEN_BID
Promotional merchandise / branded goods,Ireland,IRELAND,COMPETITIVE_OTHER,EUR,3,3,0,0.0,3500000.0,2,854250.0,1658500.0,2462750.0,1,14.0,0.0,3,50.0,3750.0,36.72,OPEN_BID
Translation services,TED,NO,UNKNOWN,NOK,3,3,0,0.0,30000000.0,19,16000000.0,20000000.0,20000000.0,20,5.0,0.0,7,30.0,1950.0,35.96,OTHER_ROUTE
Graphic design / DTP / visual identity,Germany,GERMANY,DIRECT_NONCOMPETITIVE,EUR,3,0,0,0.0,,0,,,,0,,,,,,35.0,DIRECT_BUYER
SaaS / cloud software subscription,Germany,GERMANY,UNKNOWN,EUR,4,0,0,0.0,,0,,,,0,,,,,,33.49,OTHER_ROUTE
Market research / surveys / polling,Germany,GERMANY,UNKNOWN,EUR,3,1,0,0.0,,0,,,,0,,,,,,32.23,OTHER_ROUTE
Software licence renewal / licensing,Canada federal,CANADA,DIRECT_NONCOMPETITIVE,CAD,3,3,0,0.0,,0,,,,0,,,,,,31.22,DIRECT_BUYER
Document-management software licensing,United Kingdom,UNITED KINGDOM,DIRECT_NONCOMPETITIVE,GBP,3,3,0,0.0,,3,829723.5,1603420.0,3551710.0,0,,,3,33.33,3333.33,30.72,DIRECT_BUYER
