warehouse_source,country,route_band,records,buyers,known_lane,open_world_candidates,median_value,avg_priority
Germany,Germany,OPEN_PUBLIC,449424,16415,19353,34433,220000.0,47.19611952187689
France,France,OPEN_PUBLIC,223065,38863,9293,56230,400000.0,46.363632663125095
TED,POL,UNKNOWN,123815,9927,1941,1400,756757.0,49.31437596414005
Germany,Germany,UNKNOWN,111747,1677,1582,9496,300000.0,41.82445971703938
TED,ESP,UNKNOWN,106635,8197,1732,7218,465572.32,51.88762038730248
Belgium,BE,UNKNOWN,103676,4515,1933,11393,,41.36983332690304
Quebec,Canada - Quebec,DIRECT_NONCOMPETITIVE,95211,1097,1959,9928,49550.0,55.73826721702324
TED,ITA,UNKNOWN,66277,11286,1246,4411,980000.0,51.988006095628954
Germany,Germany,COMPETITIVE_OTHER,53126,9955,1928,6557,252603.63,46.40559763580921
TenderNed,Netherlands,UNKNOWN,51508,1732,1014,2388,320000.0,44.21941445988973
Quebec,Canada - Quebec,OPEN_PUBLIC,49014,1677,550,5397,341398.29000000004,53.37632186722161
United Kingdom,United Kingdom,OPEN_PUBLIC,48633,5223,4491,14645,260191.5,54.014525527933706
TED,CZE,UNKNOWN,40947,3257,430,703,5613641.0,54.17673480352651
United Kingdom,United Kingdom,DIRECT_NONCOMPETITIVE,38071,2590,3516,12576,83983.4,54.12340206456358
TED,SWE,UNKNOWN,36897,1558,140,926,8000000.0,53.23776241970892
TED,BGR,UNKNOWN,35505,1810,7,65,120000.0,50.34911308266442
TED,ROU,UNKNOWN,35365,3342,738,1429,1007000.0,53.291891418068715
France,France,UNKNOWN,30513,10749,937,7044,715000.0,44.841833972405205
TED,PRT,UNKNOWN,29974,2527,427,1358,405120.0,50.069533595783014
United Kingdom,United Kingdom,UNKNOWN,29263,3135,2705,10455,650000.0,50.29105696613471
France,France,COMPETITIVE_OTHER,28689,11239,1144,7091,79567.59,43.15625013071212
TED,FIN,UNKNOWN,26186,1683,227,667,544447.5,47.665520507141224
TED,LTU,UNKNOWN,24673,796,211,286,55789.5,45.41532444372391
Germany,Germany,DIRECT_NONCOMPETITIVE,24440,3354,787,4314,182970.47,48.75773158756137
TED,PL,UNKNOWN,23579,5259,317,144,699193.495,51.51518639467323
TED,LVA,UNKNOWN,22913,587,133,340,106279.48,45.355090996377605
TED,NOR,UNKNOWN,22663,1593,948,5796,10000000.0,49.62053920487138
TED,AUT,UNKNOWN,21845,2176,211,1014,611803.4650000001,48.159112840466925
Quebec,Canada - Quebec,LIMITED_INVITATION,17295,873,368,2215,48588.2,51.716185024573576
TED,CHE,UNKNOWN,17218,4391,137,768,797133.095,49.821232431176675
Ireland,Ireland,OPEN_PUBLIC,16660,2822,1040,4673,210000.0,54.46951860744298
TED,ES,UNKNOWN,15869,3260,288,901,490226.7375,52.26478543071397
United Kingdom,United Kingdom,COMPETITIVE_OTHER,15344,2842,1159,4410,126075.65,50.16668404588113
Canada federal,Canada,OPEN_PUBLIC,13705,497,3410,4246,156739.8,52.88601970083911
TED,DNK,UNKNOWN,13506,1618,103,576,8000000.0,51.72116244632016
TED,HUN,UNKNOWN,13369,1333,84,44,89961819.0,53.383521579774104
TED,GRC,UNKNOWN,12939,2077,31,98,417062.9,50.47234253033465
TED,CZ,UNKNOWN,12873,1485,162,212,4738300.0,53.394768896139205
TED,IT,UNKNOWN,11198,3482,217,628,920000.0,53.3694784782997
TED,BG,UNKNOWN,11062,1143,0,6,124958.0,49.1620213342976
TED,SVN,UNKNOWN,11010,1080,109,115,277600.0,51.37583287920073
TED,HRV,UNKNOWN,10555,1100,40,133,327067.875,53.00941733775462
TED,SVK,UNKNOWN,8753,874,100,89,469045.5,52.30658060093682
TED,RO,UNKNOWN,8207,1709,189,266,1089330.0,52.52899963445839
TED,EST,UNKNOWN,7894,369,108,159,286752.0,52.08149987332151
TED,SE,UNKNOWN,5254,868,18,101,6000000.0,50.77799390940236
TED,PT,UNKNOWN,5028,863,77,190,354575.0,50.83735879077168
Canada federal,Canada,COMPETITIVE_OTHER,5023,401,1051,2134,203772.02,50.319374875572365
TED,LUX,UNKNOWN,4710,710,100,929,607000.0,45.16271762208068
TED,GR,UNKNOWN,4134,1100,7,21,350000.0,51.16851475568457
TED,LT,UNKNOWN,4038,282,36,32,88099.25,47.65569588905399
TED,MLT,UNKNOWN,4021,184,200,1081,265203.9,49.43031584183039
TED,CYP,UNKNOWN,3618,335,21,181,244000.0,50.01978441127695
TED,AT,UNKNOWN,3379,710,33,135,572947.79,49.11032849955608
TED,MKD,UNKNOWN,2787,459,94,599,14955000.0,44.03129529960531
Quebec,Canada - Quebec,UNKNOWN,2781,396,37,831,301845.31,53.6936569579288
Ireland,Ireland,COMPETITIVE_OTHER,2690,250,186,767,1000000.0,49.31602973977695
Ireland,Ireland,FRAMEWORK_DPS_CALLOFF,2532,181,96,1357,382800.0,53.54960505529226
TED,LV,UNKNOWN,2520,257,6,41,121503.4425,46.10311111111111
TED,HR,UNKNOWN,2459,488,8,22,381120.0,52.68941032940219
TED,NO,UNKNOWN,2448,519,140,639,8200000.0,52.58949346405229
TED,SI,UNKNOWN,2266,553,27,27,229506.33000000002,48.854483671668135
TED,FI,UNKNOWN,2201,529,14,32,457390.0,49.201044979554744
TED,DK,UNKNOWN,2112,600,14,66,9000000.0,51.71655303030303
TED,HU,UNKNOWN,2074,570,8,15,55478607.75,49.14524590163934
TED,SK,UNKNOWN,1237,347,15,16,345331.0,50.94619240097009
Canada federal,Canada,DIRECT_NONCOMPETITIVE,1236,167,271,391,171803.02000000002,50.211941747572816
TED,ISL,UNKNOWN,1211,91,22,118,35875000.0,45.337159372419485
United Kingdom,United Kingdom,FRAMEWORK_DPS_CALLOFF,1173,414,97,376,416000.0,50.48308610400682
TED,MDA,UNKNOWN,1032,181,47,93,4036280.42,49.8556007751938
TED,LU,UNKNOWN,1027,254,8,152,513265.64,47.23820837390458
TED,CH,UNKNOWN,868,451,18,37,723941.6,45.5265668202765
TED,MK,UNKNOWN,696,208,25,131,11204422.0,47.453132183908046
TED,CY,UNKNOWN,672,105,3,31,392000.0,52.199464285714285
TED,MT,UNKNOWN,582,47,29,220,304125.0,47.491408934707906
France,France,DIRECT_NONCOMPETITIVE,417,210,21,155,498453.0,52.556834532374104
TED,MD,UNKNOWN,316,53,5,31,4047694.12,52.51411392405063
TED,LIE,UNKNOWN,268,27,1,12,396015.625,48.1944776119403
TED,SRB,UNKNOWN,211,77,2,43,2319017.93,47.02938388625592
TED,IS,UNKNOWN,202,27,3,23,61741935.0,49.4690099009901
TED,UKR,UNKNOWN,157,71,4,33,7293087.0,49.59566878980892
TED,TUR,UNKNOWN,140,56,13,33,3000000.0,46.42357142857143
Ireland,Ireland,UNKNOWN,114,3,3,24,,41.97526315789474
TED,RE,UNKNOWN,91,25,3,16,509178.115,48.089890109890106
TED,LI,UNKNOWN,86,5,0,3,256312.72499999998,50.35093023255814
Ireland,Ireland,DIRECT_NONCOMPETITIVE,85,37,4,33,132500.0,51.96847058823529
TED,MNE,UNKNOWN,69,33,2,13,1280450.0,49.34289855072464
TED,BIH,UNKNOWN,65,16,2,16,1452494.3050000002,46.71415384615385
TED,MQ,UNKNOWN,59,19,0,18,425000.0,49.47457627118644
TED,RS,UNKNOWN,56,27,6,8,2666080.0,50.0475
TED,GEO,UNKNOWN,47,12,0,11,400000.0,47.8268085106383
TED,GP,UNKNOWN,43,18,1,7,1109786.0,48.276744186046514
TED,UA,UNKNOWN,40,26,0,7,1999885.0,46.295
TED,BA,UNKNOWN,40,9,0,10,1833000.0,51.699
TED,ALB,UNKNOWN,37,18,0,10,1736025.0,49.961621621621624
TED,EGY,UNKNOWN,34,15,0,4,8890000.0,43.92176470588235
TED,TR,UNKNOWN,31,22,1,12,1015000.0,48.69225806451613
TED,XKX,UNKNOWN,25,10,0,3,1245813.5,49.452
TED,BEN,UNKNOWN,25,13,1,13,5245000.0,50.8744
TED,ME,UNKNOWN,24,15,0,5,971468.0,48.4975
TED,BRB,UNKNOWN,20,3,2,3,2000000.0,47.159
TED,TUN,UNKNOWN,20,12,0,4,4052303.0,48.373
TED,AGO,UNKNOWN,20,8,1,1,3500000.0,47.229
TED,AL,UNKNOWN,18,11,1,6,2783750.0,54.88
TED,GE,UNKNOWN,16,6,0,3,1094267.5,47.81375
TED,ZMB,UNKNOWN,16,6,0,3,8200000.0,48.68125
TED,TN,UNKNOWN,14,9,0,5,3913675.0,52.32714285714286
TED,ECU,UNKNOWN,13,10,0,0,2189041.58,51.612307692307695
TED,MAR,UNKNOWN,13,8,0,7,13154727.5,56.02153846153846
TED,JOR,UNKNOWN,13,11,1,4,1600000.0,52.00923076923077
TED,NCL,UNKNOWN,13,10,0,3,770000.0,41.629230769230766
TED,CHN,UNKNOWN,12,2,1,1,3675750.0,53.23833333333334
TED,IN,UNKNOWN,12,5,1,2,2165871354.075,48.27333333333333
TED,EG,UNKNOWN,12,9,0,4,1706600.0,49.885
TED,ETH,UNKNOWN,12,5,0,6,2700000.0,53.05
TED,KEN,UNKNOWN,12,6,1,2,1583200.0,54.053333333333335
TED,AO,UNKNOWN,11,3,0,3,2694064.0,44.49454545454545
TED,LBR,UNKNOWN,11,5,0,1,2810000.0,43.656363636363636
TED,USA,UNKNOWN,11,3,0,2,1999960.0,52.97818181818182
TED,CAF,UNKNOWN,10,3,0,5,1000000.0,50.366
TED,MA,UNKNOWN,9,3,0,1,6500000.0,49.58444444444444
TED,THA,UNKNOWN,9,3,0,0,3902500.0,50.62
TED,1A,UNKNOWN,8,5,0,1,603500.0,46.1225
TED,MG,UNKNOWN,8,5,0,3,1404627592.6,52.1125
TED,CMR,UNKNOWN,8,4,0,0,5000000.0,51.485
TED,ZAF,UNKNOWN,8,3,0,0,5615000.0,50.5325
TED,MRT,UNKNOWN,8,3,2,1,2209400.0,58.4975
TED,MDG,UNKNOWN,8,3,1,3,976071.915,54.365
TED,CIV,UNKNOWN,8,2,0,1,3458000.0,53.84
TED,GF,UNKNOWN,8,3,0,0,281096.0,49.425
TED,RW,UNKNOWN,8,5,0,4,4837928.84,43.7
TED,PSE,UNKNOWN,8,7,0,2,690919.7,53.53
TED,SPM,UNKNOWN,8,7,0,2,2500000.0,42.935
TED,MLI,UNKNOWN,8,5,1,1,34259761.0,51.6575
TED,MWI,UNKNOWN,8,3,0,1,2479000.0,48.1275
TED,KH,UNKNOWN,7,6,0,1,2679843.775,55.074285714285715
TED,IND,UNKNOWN,7,3,0,2,2803750.0,49.55428571428571
TED,BF,UNKNOWN,7,5,0,1,4220060.0,50.574285714285715
TED,CN,UNKNOWN,7,4,0,1,12390000.0,55.59428571428571
TED,FJI,UNKNOWN,7,4,0,1,3250000.0,52.07142857142857
TED,KE,UNKNOWN,7,4,0,1,1999800.0,51.871428571428574
TED,COG,UNKNOWN,7,2,2,5,,55.67142857142857
TED,BR,UNKNOWN,7,2,0,0,6300000.0,53.48
TED,MUS,UNKNOWN,7,2,0,0,3000000.0,52.65714285714286
TED,PYF,UNKNOWN,7,7,1,1,620300.0,48.02571428571429
TED,IDN,UNKNOWN,6,3,0,2,3500000.0,51.87
TED,BES,UNKNOWN,6,3,0,0,725000.5,41.916666666666664
TED,ARM,UNKNOWN,6,4,0,1,3500000.0,48.25333333333333
TED,CRI,UNKNOWN,6,4,0,0,800000000.0,44.99
TED,BRA,UNKNOWN,6,5,0,1,5331600.0,52.56
TED,NPL,UNKNOWN,6,5,0,0,2156218.0,48.973333333333336
TED,JO,UNKNOWN,6,5,0,2,3250000.0,48.27
TED,TCD,UNKNOWN,6,5,0,1,3127000.0,53.513333333333335
TED,MW,UNKNOWN,6,4,0,1,1916987.0,48.303333333333335
TED,CM,UNKNOWN,6,3,1,2,700000.0,58.69
TED,EE,UNKNOWN,6,3,0,0,1700000.0,53.49333333333333
TED,PF,UNKNOWN,6,2,0,1,120000.0,44.05
TED,NI,UNKNOWN,6,4,0,0,1116240.0,52.39333333333333
TED,KHM,UNKNOWN,6,4,0,0,1918000.0,50.013333333333335
TED,MR,UNKNOWN,6,4,0,0,1242450.0,49.913333333333334
TED,LAO,UNKNOWN,6,3,0,1,2000000.0,50.31333333333333
TED,COL,UNKNOWN,5,3,0,1,2500000.0,53.128
TED,MOZ,UNKNOWN,5,5,0,0,4506240.0,46.892
TED,GHA,UNKNOWN,5,3,0,0,2561500.0,49.604
TED,DO,UNKNOWN,5,3,0,0,510000.0,51.436
TED,VNM,UNKNOWN,5,4,0,2,3000000.0,54.584
TED,SL,UNKNOWN,5,4,0,2,307900.0,54.556
TED,BGD,UNKNOWN,5,2,0,1,3200000.0,54.2
TED,TJK,UNKNOWN,5,4,0,0,1256070.0,44.016
TED,ATF,UNKNOWN,5,3,0,2,500000.0,42.08
TED,KAZ,UNKNOWN,5,2,0,1,2700000.0,50.324
TED,PAK,UNKNOWN,5,2,0,3,1790000.0,46.928
TED,JPN,UNKNOWN,5,2,0,0,94000000.0,50.288
TED,PHL,UNKNOWN,5,2,0,1,2167708.0,52.1
TED,TLS,UNKNOWN,5,2,0,2,1646000.0,53.756
TED,EC,UNKNOWN,4,3,0,0,20414745.59,53.14
TED,ARG,UNKNOWN,4,2,0,2,855000.0,54.65
TED,UGA,UNKNOWN,4,3,0,1,1061100.0,52.385
TED,KG,UNKNOWN,4,3,0,2,1813000.0,54.725
TED,SLE,UNKNOWN,4,2,0,1,3761780.0,50.885
TED,NAM,UNKNOWN,4,3,0,0,51850000.0,45.17
TED,BOL,UNKNOWN,4,3,0,1,3289750.0,52.7
TED,ZA,UNKNOWN,4,2,0,0,1500000.0,47.42
TED,GRD,UNKNOWN,4,1,0,1,501000.0,47.45
TED,LR,UNKNOWN,4,2,0,0,3286450.0,44.29
TED,SOM,UNKNOWN,4,3,1,1,28000000.0,52.465
TED,MU,UNKNOWN,4,2,0,0,1343690.0,52.37
TED,TGO,UNKNOWN,4,2,0,0,3846292.5,52.28
TED,LSO,UNKNOWN,4,4,1,1,29718331.0,57.975
TED,SEN,UNKNOWN,4,4,0,1,716757000.0,50.415
TED,CPV,UNKNOWN,4,3,0,1,9850000.0,54.93
TED,AM,UNKNOWN,4,3,0,0,42000000.0,43.695
TED,TZA,UNKNOWN,4,3,1,1,14815868650.0,51.985
TED,BFA,UNKNOWN,4,4,0,0,4300000.0,53.305
TED,DOM,UNKNOWN,4,3,0,1,1085000.0,53.585
TED,BJ,UNKNOWN,4,4,0,0,519687625.0,47.81
TED,SAU,UNKNOWN,4,2,0,0,3500000.0,50.03
TED,MMR,UNKNOWN,4,1,0,2,1805000.0,53.12
TED,CUW,UNKNOWN,4,1,0,0,950000.0,53.445
TED,KR,UNKNOWN,4,3,0,0,279000000.0,54.205
TED,GIN,UNKNOWN,4,3,0,1,3758200.0,49.535
TED,PH,UNKNOWN,3,3,0,1,3199978.0,58.07333333333333
TED,RWA,UNKNOWN,3,2,0,0,550000.0,49.36
TED,NE,UNKNOWN,3,3,0,1,1500000000.0,45.946666666666665
TED,JP,UNKNOWN,3,3,0,0,54000000.0,51.946666666666665
TED,ISR,UNKNOWN,3,2,0,1,1380000.0,52.68
TED,CO,UNKNOWN,3,2,0,0,1492000.0,56.16
TED,AR,UNKNOWN,3,2,0,0,60425000.0,53.446666666666665
TED,HTI,UNKNOWN,3,3,0,2,299999.0,55.653333333333336
TED,CF,UNKNOWN,3,2,1,0,1250000.0,60.56
TED,TH,UNKNOWN,3,2,0,0,14999000.0,58.11333333333334
TED,NG,UNKNOWN,3,3,0,0,1709250.0,53.96
TED,CI,UNKNOWN,3,2,1,2,1429475.0,57.28
TED,VN,UNKNOWN,3,2,0,1,4869798.0,50.17333333333333
TED,MEX,UNKNOWN,3,2,0,0,4400000.0,52.28
TED,CAN,UNKNOWN,3,1,0,1,3500000.0,51.38
TED,GAB,UNKNOWN,3,2,0,1,2450000.0,53.74
TED,COD,UNKNOWN,3,2,0,2,6000000.0,42.96
TED,TJ,UNKNOWN,3,2,0,0,2973500.0,54.25333333333333
TED,PRY,UNKNOWN,3,3,0,0,43503039.0,51.32
TED,PER,UNKNOWN,3,2,0,0,2000000.0,52.12
TED,ID,UNKNOWN,3,2,0,0,5513775.0,49.12
TED,YT,UNKNOWN,3,2,0,1,10092.0,41.733333333333334
TED,SN,UNKNOWN,3,2,0,1,8000000000.0,43.86
TED,NGA,UNKNOWN,3,3,0,1,8800000.0,51.34
TED,MX,UNKNOWN,3,3,0,0,43675444.0,48.653333333333336
TED,UZB,UNKNOWN,3,2,0,0,7532756.0,53.446666666666665
TED,CHL,UNKNOWN,3,2,0,0,1000000.0,51.96
TED,LA,UNKNOWN,2,2,0,1,9272222.5,49.98
TED,ZM,UNKNOWN,2,2,0,1,6039221.095,43.29
TED,GRL,UNKNOWN,2,2,0,0,1342500000.0,52.28
TED,DJI,UNKNOWN,2,2,0,0,3000000.0,46.64
TED,SSD,UNKNOWN,2,2,0,0,2370120.0,47.54
TED,LCA,UNKNOWN,2,1,0,1,407500.0,50.03
TED,1A0,UNKNOWN,2,2,0,0,600000.0,43.7
TED,MM,UNKNOWN,2,2,0,0,189563757.1275,57.18
TED,ST,UNKNOWN,2,2,0,0,6947804.7675,51.54
TED,PE,UNKNOWN,2,1,0,0,1903675.0,54.49
TED,YE,UNKNOWN,2,1,0,0,270000.0,48.35
TED,GNB,UNKNOWN,2,1,0,0,4230000.0,46.64
TED,UG,UNKNOWN,2,2,0,0,1349900.0,45.9
TED,LBN,UNKNOWN,2,1,0,0,7300000.0,52.28
TED,ET,UNKNOWN,2,2,0,0,22090000.0,48.39
TED,TZ,UNKNOWN,2,2,0,0,900000000.0,49.09
TED,HND,UNKNOWN,2,2,0,0,4700000.0,52.28
TED,PA,UNKNOWN,2,2,0,0,46051657.88,46.64
TED,KOR,UNKNOWN,2,2,0,0,221499250.0,52.28
TED,BD,UNKNOWN,2,1,0,1,57973883.955,53.83
TED,KGZ,UNKNOWN,2,2,0,0,600000.0,46.4
TED,ZW,UNKNOWN,2,2,0,2,2100000.0,58.94
TED,SZ,UNKNOWN,2,2,0,0,2280000.0,49.79
TED,NIC,UNKNOWN,2,2,0,0,33369156.340000004,55.43
TED,GY,UNKNOWN,2,2,0,1,10190000.0,49.97
TED,GM,UNKNOWN,2,2,0,2,3339547.75,54.0
TED,RU,UNKNOWN,2,2,0,0,450000.0,47.65
TED,BDI,UNKNOWN,2,2,0,1,4745800.0,56.72
TED,GTM,UNKNOWN,2,2,0,0,20195000.0,52.48
TED,PNG,UNKNOWN,2,1,0,0,2050000.0,50.93
TED,US,UNKNOWN,2,1,0,0,1364525.0,58.1
TED,DZ,UNKNOWN,2,1,0,0,262500000.0,55.43
TED,AUS,UNKNOWN,2,2,0,0,1000000.0,46.4
TED,TG,UNKNOWN,2,2,0,1,1456020.0,50.43
TED,IL,UNKNOWN,2,2,0,1,14804669.0,58.52
TED,STP,UNKNOWN,2,2,0,1,1392450.0,57.58
TED,CD,UNKNOWN,2,1,0,0,4900250.0,55.78
TED,MZ,UNKNOWN,2,2,0,0,290000.0,42.5
TED,SGP,UNKNOWN,1,1,0,0,400000.0,49.4
TED,LKA,UNKNOWN,1,1,0,1,844250.0,58.46
TED,PK,UNKNOWN,1,1,0,0,2114100.0,55.78
TED,PG,UNKNOWN,1,1,0,0,3621300.0,55.78
TED,BWA,UNKNOWN,1,1,0,0,3520000.0,52.28
TED,QA,UNKNOWN,1,1,0,0,,41.0
TED,SYR,UNKNOWN,1,1,0,0,,41.0
TED,PS,UNKNOWN,1,1,0,0,,41.0
TED,PM,UNKNOWN,1,1,0,0,,35.6
TED,SV,UNKNOWN,1,1,0,0,1901050.0,55.3
TED,GH,UNKNOWN,1,1,0,0,2000000.0,52.28
TED,HN,UNKNOWN,1,1,0,0,6802000.0,53.68
TED,MDV,UNKNOWN,1,1,0,0,1134408.0,47.8
Canada federal,Canada,UNKNOWN,1,1,0,0,,41.0
TED,LK,UNKNOWN,1,1,0,1,6978577053.05,61.78
TED,BB,UNKNOWN,1,1,0,0,,41.0
TED,GT,UNKNOWN,1,1,0,0,1846000.0,53.2
TED,LY,UNKNOWN,1,1,0,0,,41.0
TED,VE,UNKNOWN,1,1,0,0,8260000.0,52.28
TED,PAN,UNKNOWN,1,1,0,0,1680000.0,51.8
TED,SYC,UNKNOWN,1,1,0,0,,35.6
TED,CR,UNKNOWN,1,1,0,0,,41.0
TED,CUB,UNKNOWN,1,1,0,0,2150000.0,52.28
TED,JAM,UNKNOWN,1,1,0,0,1000000.0,51.8
TED,URY,UNKNOWN,1,1,0,0,4340000.0,52.28
TED,CL,UNKNOWN,1,1,0,0,,41.0
TED,GMB,UNKNOWN,1,1,0,0,,41.0
TED,VEN,UNKNOWN,1,1,0,0,7380000.0,52.28
TED,GA,UNKNOWN,1,1,0,0,2000000.0,53.68
TED,LS,UNKNOWN,1,1,0,1,2461250.0,60.34
TED,AX,UNKNOWN,1,1,0,0,,36.5
TED,PY,UNKNOWN,1,1,0,0,4367120.0,55.78
TED,SC,UNKNOWN,1,1,0,1,155024.75,51.1
TED,ML,UNKNOWN,1,1,0,1,1500000.0,58.46
TED,HT,UNKNOWN,1,1,0,0,16600000.0,57.18
TED,DZA,UNKNOWN,1,1,0,0,594000000.0,54.98
TED,JM,UNKNOWN,1,1,0,1,450000.0,60.96
TED,TWN,UNKNOWN,1,1,0,0,9000000.0,52.28
TED,SLV,UNKNOWN,1,1,0,0,4000000.0,52.28
TED,MV,UNKNOWN,1,1,0,1,15850201.91,62.44
TED,NA,UNKNOWN,1,1,0,0,,35.6
TED,AZE,UNKNOWN,1,1,0,0,2680000.0,52.28
TED,TL,UNKNOWN,1,1,0,0,,41.0
TED,MNG,UNKNOWN,1,1,0,1,749650.0,58.46
TED,FJ,UNKNOWN,1,1,0,1,436628.82,60.96
TED,TTO,UNKNOWN,1,1,0,0,1220000.0,51.8
TED,AZ,UNKNOWN,1,1,0,0,2534165.0,53.68
