lean_lane,route_band,currency,records,buyers,median_value,p25_value,p75_value,median_bidders,avg_priority
OTHER / OPEN WORLD,OPEN_PUBLIC,EUR,659474,57219,260000.0,76000.0,711423.6,3.5,46.18427762125573
OTHER / OPEN WORLD,UNKNOWN,UNKNOWN,475880,46379,552927.6,121693.66,2511275.3075,2.0,45.7477522064386
OTHER / OPEN WORLD,UNKNOWN,EUR,429715,47560,495960.0,199000.0,1642764.47,2.0,48.63742019710738
OTHER / OPEN WORLD,DIRECT_NONCOMPETITIVE,CAD,94217,1238,49691.14,32999.235,89072.25749999999,1.0,55.17616714605644
OTHER / OPEN WORLD,COMPETITIVE_OTHER,EUR,81253,20986,241547.0,26093.25,1072670.6875,2.5,44.653208373844656
OTHER / OPEN WORLD,OPEN_PUBLIC,CAD,58759,2086,321859.695,136532.10749999998,904418.9175,3.0,52.215117684099454
OTHER / OPEN WORLD,OPEN_PUBLIC,GBP,44111,4886,250000.0,45000.0,1349689.08,6.0,51.9346439663576
OTHER / OPEN WORLD,UNKNOWN,CZK,42078,3302,5360034.5,1404525.5,15416861.43,1.5,55.04220447739912
OTHER / OPEN WORLD,UNKNOWN,PLN,41132,6210,873652.0,176085.0,2723460.6,1.0,52.86715258193134
OTHER / OPEN WORLD,UNKNOWN,SEK,38422,1670,8000000.0,3300000.0,30000000.0,3.0,53.662326791942114
OTHER / OPEN WORLD,DIRECT_NONCOMPETITIVE,GBP,34555,2498,82552.0,30000.0,350000.0,1.0,52.38745709738099
OTHER / OPEN WORLD,UNKNOWN,BGN,34268,1809,123567.6125,26666.1875,500175.18,1.5,50.465409128049494
OTHER / OPEN WORLD,UNKNOWN,GBP,26783,3017,625000.0,60000.0,6679323.605,1.0,48.47969383564201
OTHER / OPEN WORLD,UNKNOWN,RON,26101,3062,1165700.0,206433.6,4773600.0,2.0,53.591380406880965
OTHER / OPEN WORLD,DIRECT_NONCOMPETITIVE,EUR,24127,3518,200000.0,1.0,580000.0,1.0,48.24061342064906
OTHER / OPEN WORLD,LIMITED_INVITATION,CAD,16927,867,48657.52,32256.095,75811.755,1.0,51.2493200212678
OTHER / OPEN WORLD,COMPETITIVE_OTHER,GBP,14177,2697,120242.5,41921.14,1500000.0,3.0,48.58785920857727
Translation,OPEN_PUBLIC,EUR,12859,227,366946.0,154000.0,836000.0,6.0,69.65936853565596
OTHER / OPEN WORLD,UNKNOWN,NOK,12366,1248,12000000.0,4092349.25,45909607.5,3.0,53.26568494258451
OTHER / OPEN WORLD,UNKNOWN,DKK,9269,1316,10393544.5,3250000.0,42497750.0,3.0,54.14434135289675
OTHER / OPEN WORLD,COMPETITIVE_OTHER,CAD,3972,353,203693.22999999998,73010.11249999999,678438.8,,46.13416918429003
OTHER / OPEN WORLD,UNKNOWN,HUF,3725,729,82105100.0,19973000.0,279870000.0,2.0,56.51843758389262
Hardware / AV resale,UNKNOWN,UNKNOWN,3693,1771,430842.52,126686.84,1548447.0,2.0,62.33534795559166
Hardware / AV resale,OPEN_PUBLIC,EUR,3204,808,223500.0,50000.0,700000.0,3.0,64.35667915106117
Hardware / AV resale,UNKNOWN,EUR,3073,1452,482352.88,215310.905,1373245.06,2.0,65.87354376830459
OTHER / OPEN WORLD,UNKNOWN,CAD,2746,390,303636.925,106649.60499999998,1105039.3575,3.0,53.38738528769119
OTHER / OPEN WORLD,FRAMEWORK_DPS_CALLOFF,EUR,2436,181,388125.0,141581.5,1246737.8900000001,11.0,52.84
Signage / display production,OPEN_PUBLIC,EUR,2175,1463,362512.0,150000.0,898000.0,3.0,62.70976551724138
Printing / mailing / routing,OPEN_PUBLIC,EUR,1968,1457,400000.0,167500.0,800000.0,4.5,70.34585365853658
Recruitment / temporary staffing,OPEN_PUBLIC,EUR,1802,694,328930.96,94013.76000000001,1250000.0,5.0,59.844683684794674
Hardware / AV resale,OPEN_PUBLIC,GBP,1525,789,450000.0,131529.72999999998,2270833.0,5.0,72.8744524590164
Office supplies / consumables resale,OPEN_PUBLIC,EUR,1419,949,300250.0,125000.0,800000.0,4.0,63.05247357293869
Hardware / AV resale,DIRECT_NONCOMPETITIVE,GBP,1406,496,80000.0,35759.75,229630.0,1.0,70.19103840682789
Uniforms / PPE resale,OPEN_PUBLIC,EUR,1109,864,260000.0,111157.285,644000.0,3.0,61.00138863841298
OTHER / OPEN WORLD,FRAMEWORK_DPS_CALLOFF,GBP,1076,375,416000.0,74246.575,3000000.0,1.5,49.052695167286245
Website support / accessibility / hosting,OPEN_PUBLIC,CAD,1008,109,210000.0,87433.3,613878.22,4.0,68.7727380952381
Hardware / AV resale,UNKNOWN,GBP,936,498,600000.0,70885.0,5000000.0,1.0,66.80647435897436
OTHER / OPEN WORLD,UNKNOWN,MDL,887,131,4490000.0,2713750.0,11591575.0,2.0,52.820315670800454
Website / CMS build or redesign,OPEN_PUBLIC,CAD,804,100,157627.05,62010.0,418085.48,6.0,71.0273880597015
Website / CMS build or redesign,OPEN_PUBLIC,EUR,764,335,320000.0,93108.0,1042635.5,4.0,72.62410994764397
Website support / accessibility / hosting,OPEN_PUBLIC,EUR,763,445,385847.5,135105.75,746311.0,5.0,72.13965923984273
OTHER / OPEN WORLD,UNKNOWN,MKD,745,219,18000000.0,10000000.0,30088178.0,2.0,52.08472483221477
Survey / market research,OPEN_PUBLIC,EUR,708,501,217090.0,90000.0,540000.0,3.0,66.26002824858757
Hardware / AV resale,UNKNOWN,PLN,679,267,332898.94,81981.3675,1566864.5,2.0,67.17702503681885
Recruitment / temporary staffing,COMPETITIVE_OTHER,EUR,654,268,188193.195,1.0,697566.6025,3.0,58.01993883792049
Uniforms / PPE resale,UNKNOWN,EUR,593,342,353400.0,112962.5,1002086.5,2.0,66.41935919055649
Hardware / AV resale,OPEN_PUBLIC,CAD,589,137,217107.82,71848.25,894944.575,2.0,67.35609507640068
Recruitment / temporary staffing,DIRECT_NONCOMPETITIVE,GBP,572,274,130967.77249999999,50000.0,440490.0,1.0,64.09416083916084
Uniforms / PPE resale,UNKNOWN,UNKNOWN,569,375,413605.0,115462.76,1662175.0,2.0,60.855289982425305
Recruitment / temporary staffing,UNKNOWN,EUR,567,103,700000.0,175360.0,4450000.0,2.0,55.23241622574956
Software licences / SaaS resale,OPEN_PUBLIC,EUR,540,312,255243.12,80000.0,869900.0,2.0,71.55981481481481
Software licences / SaaS resale,UNKNOWN,EUR,515,315,600000.0,308457.7,1544517.6949999998,1.0,72.52881553398058
Hardware / AV resale,COMPETITIVE_OTHER,EUR,480,246,372319.315,1.0,2038719.7550000001,3.0,63.803333333333335
Website support / accessibility / hosting,OPEN_PUBLIC,GBP,468,275,450000.0,158348.0,2750000.0,7.0,80.31337606837607
Graphic design / layout / DTP,OPEN_PUBLIC,EUR,453,342,230750.0,128350.0,423437.5,10.0,70.7566004415011
Courier / mail fulfilment,OPEN_PUBLIC,CAD,431,28,197401.695,69760.26,477213.9425,4.5,62.55396751740139
Hardware / AV resale,UNKNOWN,RON,420,234,1385570.0,363690.0,4481323.2975,1.5,70.81433333333334
Software licences / SaaS resale,DIRECT_NONCOMPETITIVE,GBP,418,245,100525.70000000001,30000.0,453960.0,1.0,76.77755980861244
Hardware / AV resale,UNKNOWN,CZK,416,139,4370210.0,1896250.0,12000000.0,1.0,71.08754807692307
Software licences / SaaS resale,UNKNOWN,UNKNOWN,408,276,423399.57,236231.64500000002,1673527.5,1.0,66.64019607843137
Training / e-learning,OPEN_PUBLIC,GBP,403,285,410000.0,150899.5,1633333.0,5.0,75.95682382133995
Signage / display production,UNKNOWN,UNKNOWN,382,172,488357.9425,286811.0,1035428.75,4.0,59.95157068062827
Document digitization / OCR / scanning,OPEN_PUBLIC,EUR,376,280,336469.0,163750.0,658275.0,3.0,73.08218085106382
Translation,DIRECT_NONCOMPETITIVE,CAD,360,56,50000.0,30000.0,75000.0,1.0,83.178
Training / e-learning,OPEN_PUBLIC,EUR,347,149,251250.0,97500.0,503151.135,5.0,70.10599423631123
Website / CMS build or redesign,OPEN_PUBLIC,GBP,336,173,282103.03500000003,88601.75,1500000.0,6.5,80.77011904761905
Recruitment / temporary staffing,UNKNOWN,UNKNOWN,325,211,131.5,97.5,4240000.0,3.0,54.77907692307692
Hardware / AV resale,COMPETITIVE_OTHER,GBP,322,216,150000.0,40643.0,2500000.0,3.0,67.95937888198758
OTHER / OPEN WORLD,UNKNOWN,CHF,319,149,605746.6,274607.67500000005,1500000.0,3.0,53.9225078369906
OTHER / OPEN WORLD,UNKNOWN,USD,311,147,873500.11,281938.0,2994038.0,1.0,53.39620578778135
Social media / community management,OPEN_PUBLIC,EUR,291,162,350000.0,59316.03,763218.0,4.0,72.04185567010309
Website / CMS build or redesign,UNKNOWN,UNKNOWN,291,242,396760.0,178859.0,730155.635,4.0,73.4708591065292
Recruitment / temporary staffing,OPEN_PUBLIC,GBP,281,232,1100000.0,249959.6,5750000.0,11.0,66.8185053380783
Office supplies / consumables resale,UNKNOWN,EUR,277,133,388742.31,120252.14749999999,928736.0,2.0,62.06945848375451
Signage / display production,COMPETITIVE_OTHER,EUR,271,230,294650.0,51120.25,1178723.75,2.0,59.56450184501845
Recruitment / temporary staffing,UNKNOWN,GBP,269,170,807727.5,72350.0,9743191.25,1.0,59.28542750929368
Call centre / helpdesk operations,UNKNOWN,EUR,267,184,1000000.0,454728.0,3165201.6,2.0,64.88164794007491
Website support / accessibility / hosting,COMPETITIVE_OTHER,CAD,264,66,401400.72,148688.875,803882.205,,68.21659090909091
Training / e-learning,DIRECT_NONCOMPETITIVE,GBP,260,165,79000.0,31287.5,222280.35,1.0,73.37353846153846
Translation,UNKNOWN,EUR,260,136,400000.0,179987.5,1841880.175,4.0,70.11869230769231
Recruitment / temporary staffing,DIRECT_NONCOMPETITIVE,EUR,253,112,70000.0,1.0,460700.0,1.0,60.99873517786561
Hardware / AV resale,DIRECT_NONCOMPETITIVE,EUR,252,142,236754.0,1.0,585315.5775,1.0,66.43388888888889
Signage / display production,DIRECT_NONCOMPETITIVE,CAD,250,131,45925.0,31817.510000000002,83923.68,1.0,72.5208
Transcription / captioning,DIRECT_NONCOMPETITIVE,CAD,247,24,60000.0,35000.0,90000.0,1.0,85.62307692307692
Software licences / SaaS resale,COMPETITIVE_OTHER,EUR,247,162,466500.0,1.0,1657888.5,2.0,70.03522267206478
OTHER / OPEN WORLD,UNKNOWN,ISK,239,35,56900000.0,1.0,203081445.0,3.0,50.311882845188286
Signage / display production,UNKNOWN,EUR,234,202,566435.0,169800.0,1412338.3875,4.0,60.697264957264956
Website / CMS build or redesign,UNKNOWN,EUR,229,114,330000.0,191197.865,580000.0,4.5,72.4231441048035
Uniforms / PPE resale,OPEN_PUBLIC,GBP,226,175,572000.0,200000.0,1570399.0,8.0,69.38743362831859
Signage / display production,OPEN_PUBLIC,GBP,221,181,360000.0,100000.0,1420000.0,6.0,71.87049773755656
Call centre / helpdesk operations,OPEN_PUBLIC,EUR,219,120,275080.0,9256.7125,929000.0,2.0,63.620365296803655
Website support / accessibility / hosting,COMPETITIVE_OTHER,EUR,215,169,384000.0,50000.0,1151579.83,3.0,69.67655813953489
Training / e-learning,UNKNOWN,GBP,212,164,500000.0,100000.0,10000000.0,1.0,68.85254716981132
Hardware / AV resale,DIRECT_NONCOMPETITIVE,CAD,210,85,112080.0,44759.8,395144.12,1.0,67.01466666666667
Office supplies / consumables resale,UNKNOWN,UNKNOWN,209,154,366988.77749999997,96967.185,1231031.1099999999,3.0,61.862775119617226
Software licences / SaaS resale,DIRECT_NONCOMPETITIVE,CAD,198,113,130000.0,52345.0,610647.875,1.0,76.38242424242424
Website support / accessibility / hosting,UNKNOWN,GBP,197,147,500000.0,75000.0,10000000.0,1.0,73.36578680203046
Website / CMS build or redesign,COMPETITIVE_OTHER,EUR,197,136,222145.0,1.0,765000.0,3.0,70.27076142131979
Hardware / AV resale,COMPETITIVE_OTHER,CAD,192,77,158090.875,89237.525,355249.3025,,64.3303125
Training / e-learning,UNKNOWN,UNKNOWN,187,148,431178.675,205978.80125000002,1876425.0,2.0,66.39026737967914
Printing / mailing / routing,COMPETITIVE_OTHER,EUR,178,158,55906.5,40990.0,60000.0,,65.13786516853932
Hardware / AV resale,UNKNOWN,NOK,176,74,14750000.0,4950000.0,50960000.0,2.0,71.70352272727273
Printing / mailing / routing,UNKNOWN,EUR,157,145,440267.0,175356.0,687500.0,1.0,68.85108280254777
Survey / market research,DIRECT_NONCOMPETITIVE,CAD,155,93,39125.0,31205.6525,55900.2575,1.0,72.2643870967742
Uniforms / PPE resale,OPEN_PUBLIC,CAD,155,82,140365.0,70188.0,356115.515,3.0,66.03832258064516
Printing / mailing / routing,UNKNOWN,UNKNOWN,149,93,1547850.5750000002,1293881.5675000001,1801819.5825,2.5,66.13221476510067
Survey / market research,UNKNOWN,GBP,149,98,355000.0,94675.0,4700000.0,4.0,67.96322147651007
Website / CMS build or redesign,UNKNOWN,GBP,148,102,355000.0,50397.5,27500000.0,30.5,74.41837837837838
Translation,UNKNOWN,UNKNOWN,147,113,638332.0,194072.4,1515949.8975,4.0,69.39619047619047
Website / CMS build or redesign,COMPETITIVE_OTHER,CAD,147,44,203564.225,48278.1175,505613.0,,70.33102040816327
Software licences / SaaS resale,OPEN_PUBLIC,CAD,146,39,513102.58,78994.62,1498233.145,3.0,72.21054794520548
Training / e-learning,UNKNOWN,EUR,143,88,425450.385,224378.82749999998,700000.0,1.5,71.01986013986014
Software licences / SaaS resale,UNKNOWN,GBP,139,96,137940.0,35865.0,2127083.25,,71.45482014388489
Recruitment / temporary staffing,UNKNOWN,NOK,138,87,27200000.0,6450000.0,121250000.0,7.0,65.46507246376811
Website support / accessibility / hosting,DIRECT_NONCOMPETITIVE,GBP,133,115,62500.0,34990.0,217620.465,1.0,77.98165413533835
Signage / display production,OPEN_PUBLIC,CAD,132,86,176618.08000000002,98924.0,514544.2075,4.0,68.70454545454545
Software licences / SaaS resale,OPEN_PUBLIC,GBP,128,110,990768.0449999999,280000.0,5000000.0,4.0,78.85703125
Recruitment / temporary staffing,COMPETITIVE_OTHER,GBP,128,102,1000000.0,77224.2,21887870.44,5.5,62.44609375
Uniforms / PPE resale,DIRECT_NONCOMPETITIVE,CAD,127,62,38803.75,29717.4375,69198.0,1.0,68.8851968503937
Survey / market research,OPEN_PUBLIC,GBP,127,98,375000.0,190000.0,738000.0,4.0,76.99039370078741
Graphic design / layout / DTP,COMPETITIVE_OTHER,EUR,126,97,58300.0,33250.0,104855.0,5.0,66.99857142857142
Translation,OPEN_PUBLIC,CAD,125,81,146750.06,52653.75,348037.995,6.0,74.28016
Uniforms / PPE resale,UNKNOWN,GBP,123,98,625000.0,132409.995,4500000.0,4.0,63.28211382113821
Uniforms / PPE resale,DIRECT_NONCOMPETITIVE,GBP,118,79,213800.0,64000.0,410000.0,1.0,70.2271186440678
Printing / mailing / routing,DIRECT_NONCOMPETITIVE,CAD,117,62,36687.585,28053.5325,54242.3825,1.0,79.39025641025641
Survey / market research,COMPETITIVE_OTHER,EUR,117,107,59125.0,36243.75,419750.0,5.0,61.852649572649575
Promotional merchandise,OPEN_PUBLIC,EUR,115,98,442000.0,345000.0,750000.0,10.0,65.74313043478261
Office supplies / consumables resale,COMPETITIVE_OTHER,EUR,115,101,80000.0,24675.11,588824.76,2.0,58.736695652173914
Event support / production,OPEN_PUBLIC,EUR,114,83,200000.0,94187.5,775000.0,3.0,64.91245614035088
Call centre / helpdesk operations,UNKNOWN,UNKNOWN,113,94,1161504.31,281618.1,3704038.75,2.0,59.784601769911504
Printing / mailing / routing,OPEN_PUBLIC,CAD,110,55,198202.84,120105.25,371481.5,2.0,76.88836363636364
Translation,COMPETITIVE_OTHER,EUR,110,54,42834.2,1.0,1245168.0,4.5,67.8550909090909
Website support / accessibility / hosting,UNKNOWN,EUR,109,64,327590.0,218250.0,763125.0,2.0,71.54073394495413
Website / CMS build or redesign,DIRECT_NONCOMPETITIVE,CAD,106,90,39905.045,31079.9,52783.295,1.0,82.76132075471698
Uniforms / PPE resale,COMPETITIVE_OTHER,EUR,106,85,390000.0,44182.2,1725000.0,4.0,60.124716981132075
Website support / accessibility / hosting,COMPETITIVE_OTHER,GBP,103,67,244437.5,80743.75,3491077.0,3.0,74.09436893203883
SEO / digital marketing,UNKNOWN,EUR,102,69,300000.0,207540.0,605000.0,5.0,72.03921568627452
SEO / digital marketing,OPEN_PUBLIC,EUR,102,52,320000.0,120000.0,1938130.75,2.0,73.80980392156863
Document digitization / OCR / scanning,UNKNOWN,UNKNOWN,101,77,780000.0,251983.485,2250000.0,4.0,67.20930693069307
Call centre / helpdesk operations,OPEN_PUBLIC,GBP,99,93,700000.0,331607.1,3159416.855,5.0,68.80585858585859
Website support / accessibility / hosting,UNKNOWN,UNKNOWN,99,90,1124990.0,346925.0,2578493.25,7.0,70.97838383838383
Translation,OPEN_PUBLIC,GBP,99,79,432000.0,140000.0,1483400.0,12.0,79.12161616161616
Graphic design / layout / DTP,UNKNOWN,EUR,98,70,295320.0,130099.2,600000.0,5.0,70.13102040816327
Social media / community management,OPEN_PUBLIC,GBP,96,81,240000.0,83333.0,640000.0,5.0,78.28020833333333
Video production / post-production,OPEN_PUBLIC,EUR,95,58,395000.0,187330.26,1135000.0,5.5,70.42147368421053
Social media / community management,UNKNOWN,EUR,95,45,555750.0,241106.84999999998,876163.635,3.0,72.84294736842105
Call centre / helpdesk operations,UNKNOWN,GBP,92,79,2364003.0,400000.0,24550000.0,,63.72
Software licences / SaaS resale,COMPETITIVE_OTHER,CAD,91,14,147743.565,81976.29250000001,545534.56,,69.59274725274726
Website / CMS build or redesign,DIRECT_NONCOMPETITIVE,GBP,91,74,73333.33,29492.25,201530.0,1.0,79.20791208791209
Courier / mail fulfilment,COMPETITIVE_OTHER,CAD,90,11,183287.94,92681.25,445028.1825,,57.35666666666667
Survey / market research,OPEN_PUBLIC,CAD,88,63,194200.0,103096.75,323291.0,3.0,69.85977272727273
Media / press monitoring,OPEN_PUBLIC,EUR,88,62,75000.0,50000.0,162500.0,3.0,71.23818181818181
Training / e-learning,COMPETITIVE_OTHER,EUR,88,52,370645.0,1934.3075,2780140.0,3.0,67.52727272727273
Training / e-learning,COMPETITIVE_OTHER,GBP,87,71,159231.66499999998,59225.5,2207061.25,3.5,71.6048275862069
Uniforms / PPE resale,UNKNOWN,NOK,87,63,7000000.0,3700000.0,15000000.0,3.0,68.28367816091954
Graphic design / layout / DTP,UNKNOWN,UNKNOWN,85,69,354573.02,180787.875,2418437.635,3.0,65.87882352941176
Transcription / captioning,OPEN_PUBLIC,EUR,81,74,300000.0,231597.5,413580.0,,75.10444444444444
Call centre / helpdesk operations,COMPETITIVE_OTHER,EUR,79,53,1296803.83,1.0,6165642.245,1.0,61.77443037974683
Recruitment / temporary staffing,COMPETITIVE_OTHER,CAD,77,40,462735.0,129440.37,2933492.7800000003,,58.63064935064935
Survey / market research,UNKNOWN,EUR,76,65,300000.0,176243.0,676927.495,,62.51657894736842
Social media / community management,COMPETITIVE_OTHER,EUR,76,59,520000.0,49500.0,3500000.0,4.0,72.22368421052632
Document digitization / OCR / scanning,UNKNOWN,EUR,76,66,600000.0,247900.0,2838775.0,3.0,74.06894736842105
Website support / accessibility / hosting,DIRECT_NONCOMPETITIVE,CAD,75,48,41510.18,29576.6,90000.0,1.0,72.8304
Courier / mail fulfilment,OPEN_PUBLIC,GBP,75,60,800000.0,178128.75,3307840.4525,4.0,65.57413333333334
Signage / display production,UNKNOWN,GBP,75,64,1458130.3199999998,96250.0,4550000.0,14.0,66.6024
Signage / display production,COMPETITIVE_OTHER,GBP,74,65,365531.945,66715.24,4000000.0,4.0,67.76
Event support / production,OPEN_PUBLIC,GBP,72,54,300000.0,127291.95000000001,999151.2474999999,4.0,66.35472222222222
Translation,DIRECT_NONCOMPETITIVE,EUR,71,8,375174.0,894.44,1800000.0,1.0,67.55323943661972
Social media / community management,UNKNOWN,UNKNOWN,70,54,53866.0,1590.78125,274237.5,4.0,67.43114285714286
Document digitization / OCR / scanning,COMPETITIVE_OTHER,EUR,70,47,47300.0,11475.25,978019.375,3.0,68.87828571428571
Graphic design / layout / DTP,DIRECT_NONCOMPETITIVE,CAD,69,44,37706.25,28000.0,50000.0,1.0,77.20695652173913
Printing / mailing / routing,LIMITED_INVITATION,CAD,69,34,38846.0,26878.5,56102.05,1.0,77.01565217391304
Document digitization / OCR / scanning,DIRECT_NONCOMPETITIVE,CAD,69,57,57171.0,33750.0,90960.0,1.0,80.06695652173913
Printing / mailing / routing,OPEN_PUBLIC,GBP,68,62,296105.4,159921.5,1325000.0,6.5,78.36647058823529
Software licences / SaaS resale,COMPETITIVE_OTHER,GBP,67,53,63557.534999999996,31482.675,1192745.2999999998,4.0,73.08328358208955
Courier / mail fulfilment,OPEN_PUBLIC,EUR,67,54,221000.0,50000.0,1000000.0,2.0,59.25402985074627
Training / e-learning,DIRECT_NONCOMPETITIVE,CAD,66,46,43690.0,33311.5,88099.0,1.0,72.59454545454545
Training / e-learning,OPEN_PUBLIC,CAD,65,38,249454.435,95679.5,696623.4375,5.0,69.98246153846154
Software licences / SaaS resale,DIRECT_NONCOMPETITIVE,EUR,64,51,351862.0,1.0,1244075.0,1.0,73.72875
Uniforms / PPE resale,UNKNOWN,RON,63,27,1070329.845,252250.0,2444107.535,2.0,70.84222222222222
Translation,DIRECT_NONCOMPETITIVE,GBP,62,49,120000.0,48000.0,399606.0,2.0,79.18354838709678
Survey / market research,DIRECT_NONCOMPETITIVE,GBP,62,43,138134.715,47025.0,561105.2875000001,1.0,76.25193548387097
Website / CMS build or redesign,COMPETITIVE_OTHER,GBP,61,38,101888.33499999999,39456.75,1500000.0,3.5,76.5416393442623
Office supplies / consumables resale,UNKNOWN,CZK,59,29,1000000.0,115708.5,5272295.0,2.0,68.99694915254237
Translation,UNKNOWN,GBP,58,51,525000.0,165000.0,6000000.0,37.0,73.66379310344827
Courier / mail fulfilment,UNKNOWN,GBP,57,53,825000.0,76043.25,5625000.0,1.0,60.94210526315789
Social media / community management,DIRECT_NONCOMPETITIVE,GBP,56,51,57750.0,32387.75,108814.375,1.0,76.50392857142857
Document digitization / OCR / scanning,OPEN_PUBLIC,CAD,55,42,223126.105,52150.0,966625.0,2.0,76.91381818181819
Uniforms / PPE resale,COMPETITIVE_OTHER,GBP,54,49,1294549.495,287500.0,3968552.5,4.5,68.64888888888889
Call centre / helpdesk operations,DIRECT_NONCOMPETITIVE,GBP,53,49,300000.0,75000.0,550000.0,1.0,71.39849056603774
Office supplies / consumables resale,OPEN_PUBLIC,GBP,53,48,578587.5,220050.0,4084509.0875,9.0,72.26830188679246
SEO / digital marketing,UNKNOWN,UNKNOWN,51,34,1695402.5,525807.24,2360825.1375,1.25,70.04039215686275
Signage / display production,LIMITED_INVITATION,CAD,51,37,46755.0,32882.065,86328.75,1.0,68.33098039215686
Hardware / AV resale,UNKNOWN,SEK,51,22,7000000.0,4000000.0,21000000.0,2.0,69.06509803921568
Courier / mail fulfilment,DIRECT_NONCOMPETITIVE,GBP,49,38,120000.0,46700.0,395000.0,1.0,63.83061224489796
Social media / community management,UNKNOWN,GBP,45,37,320000.0,40000.0,7000000.0,,73.63733333333333
Recruitment / temporary staffing,OPEN_PUBLIC,CAD,45,23,286119.39,96930.455,1316143.335,6.0,60.01111111111111
Website / CMS build or redesign,LIMITED_INVITATION,CAD,42,40,44754.195,36879.495,57537.8025,2.0,77.3547619047619
Graphic design / layout / DTP,OPEN_PUBLIC,GBP,41,39,218028.0,72400.0,650000.0,14.0,77.63804878048781
Survey / market research,LIMITED_INVITATION,CAD,40,22,54315.0,36306.25,72123.43000000001,1.0,69.087
Document digitization / OCR / scanning,OPEN_PUBLIC,GBP,40,34,1000000.0,239137.5,14166667.0,4.0,80.2065
Office supplies / consumables resale,UNKNOWN,NOK,40,33,11600000.0,5900000.0,20925000.0,2.0,68.583
Website support / accessibility / hosting,DIRECT_NONCOMPETITIVE,EUR,38,15,280000.0,110500.5,1201742.05,1.0,74.04157894736842
Uniforms / PPE resale,LIMITED_INVITATION,CAD,38,29,48174.275,32541.75,69308.225,1.0,66.61684210526316
Document digitization / OCR / scanning,UNKNOWN,GBP,37,30,450000.0,125000.0,12143944.8,,70.37351351351352
Video production / post-production,DIRECT_NONCOMPETITIVE,CAD,37,26,38500.0,28775.5,50000.0,1.0,73.7545945945946
Cloud / hosting / managed IT,DIRECT_NONCOMPETITIVE,GBP,36,34,344892.0,91000.0,1000000.0,1.0,66.47611111111111
Hardware / AV resale,FRAMEWORK_DPS_CALLOFF,GBP,35,29,180000.0,104743.42,1838841.0,,65.35771428571428
Social media / community management,COMPETITIVE_OTHER,GBP,35,32,41600.0,34225.0,210629.5,8.0,72.24285714285715
Software licences / SaaS resale,UNKNOWN,NOK,34,27,31944186.5,7250000.0,114500000.0,3.0,77.49882352941177
OTHER / OPEN WORLD,UNKNOWN,UAH,34,19,19935538.665,11614023.692499999,32281200.0,1.0,53.902352941176474
Office supplies / consumables resale,OPEN_PUBLIC,CAD,34,19,157997.63,100051.795,1224868.81,2.0,68.06529411764706
Event support / production,UNKNOWN,GBP,34,29,250000.0,41666.66,5000000.0,,60.24470588235294
Translation,COMPETITIVE_OTHER,CAD,34,12,195549.22,90212.26000000001,423395.4375,,72.30588235294118
Graphic design / layout / DTP,OPEN_PUBLIC,CAD,33,31,122550.0,33900.0,180000.0,6.0,72.87757575757576
Office supplies / consumables resale,UNKNOWN,RON,33,23,252288.0,49586.77,926839.47,2.0,67.03515151515151
SEO / digital marketing,OPEN_PUBLIC,GBP,31,29,390575.0,134600.715,525000.0,10.0,77.96903225806452
Survey / market research,COMPETITIVE_OTHER,GBP,31,29,125000.0,66505.0,1900000.0,3.0,70.65741935483871
Printing / mailing / routing,UNKNOWN,NOK,31,26,6000000.0,4200000.0,8000000.0,3.0,79.49225806451614
Office supplies / consumables resale,UNKNOWN,GBP,31,25,4300000.0,250833.33,27500000.0,10.5,66.03290322580645
Video production / post-production,OPEN_PUBLIC,GBP,31,28,320000.0,180000.0,1200000.0,8.0,76.85935483870968
OTHER / OPEN WORLD,UNKNOWN,RSD,30,20,991531250.0,553574812.5,2458981080.0,2.0,50.00333333333333
Survey / market research,UNKNOWN,UNKNOWN,30,25,500000.0,319000.0,7000000.0,3.5,63.91
Training / e-learning,COMPETITIVE_OTHER,CAD,29,21,158652.0,116746.5,303224.2,,66.8096551724138
Event support / production,COMPETITIVE_OTHER,EUR,29,25,290922.375,26838.0075,1528802.04,3.0,62.14206896551724
Event support / production,DIRECT_NONCOMPETITIVE,GBP,29,26,90375.68,29754.0,180000.0,3.0,62.34
Call centre / helpdesk operations,OPEN_PUBLIC,CAD,29,18,63599.635,41442.4675,454524.0775000001,5.0,63.602758620689656
Event support / production,COMPETITIVE_OTHER,GBP,28,22,82492.18,44192.4675,670500.0,4.0,61.94642857142857
Document digitization / OCR / scanning,UNKNOWN,NOK,28,23,4831810.0,1692549.25,32500000.0,3.5,73.76214285714286
Hardware / AV resale,FRAMEWORK_DPS_CALLOFF,EUR,28,8,300000.0,77556.56,1448100.0,11.0,69.13928571428572
Media / press monitoring,DIRECT_NONCOMPETITIVE,CAD,28,17,57670.979999999996,28585.877500000002,102572.25,1.0,74.44428571428571
Signage / display production,DIRECT_NONCOMPETITIVE,GBP,27,21,48355.0,32105.75,116970.75,1.0,69.23555555555555
Transcription / captioning,OPEN_PUBLIC,CAD,27,25,288150.0,186200.0,1265680.0,1.5,79.77259259259259
Data entry / clerical processing,UNKNOWN,EUR,27,19,862569.0,423187.75,1324442.56,2.5,79.21037037037037
Office supplies / consumables resale,DIRECT_NONCOMPETITIVE,GBP,26,24,108000.0,83861.95,325000.0,1.0,72.0
Translation,LIMITED_INVITATION,CAD,25,17,47379.5,33656.25,75537.5,2.0,80.98
Graphic design / layout / DTP,LIMITED_INVITATION,CAD,25,21,43500.0,32754.0,66092.285,1.0,73.8032
Cloud / hosting / managed IT,UNKNOWN,GBP,25,23,3200000.0,2000139.53,14003817.28,,62.796
Media / press monitoring,UNKNOWN,UNKNOWN,24,21,152225.0,32227.75,284910.0,2.5,66.24333333333334
Courier / mail fulfilment,COMPETITIVE_OTHER,EUR,24,17,52815.775,47830.8875,58644.0,,54.045
Transcription / captioning,UNKNOWN,GBP,24,22,1094750.0,500000.0,15624999.25,,75.395
Recruitment / temporary staffing,FRAMEWORK_DPS_CALLOFF,GBP,24,22,1800000.0,177500.0,5030000.0,,63.3875
Office supplies / consumables resale,DIRECT_NONCOMPETITIVE,CAD,24,13,58865.56,37171.455,97028.1775,1.0,70.445
Call centre / helpdesk operations,DIRECT_NONCOMPETITIVE,EUR,24,17,255561.0,1.0,347021.7125,1.0,67.59416666666667
Website / CMS build or redesign,DIRECT_NONCOMPETITIVE,EUR,23,5,40000.0,28062.5,108844.0,1.0,73.88173913043478
Call centre / helpdesk operations,COMPETITIVE_OTHER,GBP,23,22,6235000.0,1212998.75,32500000.0,4.5,66.68695652173913
Event support / production,UNKNOWN,EUR,23,19,865000.0,305368.92500000005,5000000.0,1.0,63.874782608695654
Event support / production,UNKNOWN,UNKNOWN,23,21,1972825.0,664557.35,4513000.0,1.0,64.41739130434783
Call centre / helpdesk operations,COMPETITIVE_OTHER,CAD,23,19,530365.5,324098.32,1740113.1,,63.216521739130435
Recruitment / temporary staffing,DIRECT_NONCOMPETITIVE,CAD,22,14,78346.0,46000.0,179644.825,1.0,64.65454545454546
Printing / mailing / routing,DIRECT_NONCOMPETITIVE,GBP,22,19,363649.8,60000.0,800000.0,1.0,79.55727272727273
Transcription / captioning,COMPETITIVE_OTHER,EUR,22,21,85000.0,50000.0,5000000.0,,72.82181818181819
Training / e-learning,DIRECT_NONCOMPETITIVE,EUR,22,12,221000.0,0.505,550100.0,1.0,71.35454545454546
Video production / post-production,UNKNOWN,EUR,22,9,37950.0,7500.0,767100.0,13.5,66.97727272727273
Media / press monitoring,DIRECT_NONCOMPETITIVE,GBP,21,20,51800.0,24237.69,79391.16,2.0,74.69142857142857
Training / e-learning,UNKNOWN,RON,21,11,639000.0,45496.5,1447925.66,1.0,77.21047619047619
Courier / mail fulfilment,COMPETITIVE_OTHER,GBP,21,21,1956896.5,115582.185,6775000.0,3.0,63.153333333333336
Translation,UNKNOWN,NOK,21,15,12500000.0,7000000.0,20000000.0,5.0,83.72952380952381
Graphic design / layout / DTP,COMPETITIVE_OTHER,GBP,21,18,300000.0,149592.3,500000.0,7.0,74.6704761904762
Website support / accessibility / hosting,UNKNOWN,NOK,21,19,6000000.0,4600000.0,10000000.0,5.0,82.29904761904761
Recruitment / temporary staffing,UNKNOWN,SEK,20,16,15000000.0,4750000.0,25000000.0,9.0,64.842
Translation,FRAMEWORK_DPS_CALLOFF,EUR,20,4,145000.0,92000.0,400000.0,5.0,78.915
Hardware / AV resale,UNKNOWN,MDL,20,12,3280000.0,2648294.25,4812500.0,5.0,69.698
Hardware / AV resale,UNKNOWN,DKK,19,11,10000000.0,5321750.0,61105419.0,3.0,71.12315789473685
Social media / community management,DIRECT_NONCOMPETITIVE,CAD,19,13,43688.6,31328.125,53918.957500000004,1.0,74.36421052631579
Training / e-learning,UNKNOWN,NOK,18,15,2900000.0,2003750.0,7875000.0,3.5,76.5
Event support / production,DIRECT_NONCOMPETITIVE,CAD,18,9,99998.36,68243.0,100000.0,1.0,67.46666666666667
Office supplies / consumables resale,UNKNOWN,PLN,18,13,716268.86,112667.725,1306273.255,3.5,67.7
Transcription / captioning,OPEN_PUBLIC,GBP,18,15,675000.0,250500.0,1481250.0,8.0,82.06444444444445
Uniforms / PPE resale,UNKNOWN,MDL,18,5,4623000.0,2609500.0,11581282.3,3.0,68.77777777777777
Document digitization / OCR / scanning,DIRECT_NONCOMPETITIVE,GBP,18,17,85672.5,31981.25,135200.0,1.0,78.09333333333333
SEO / digital marketing,COMPETITIVE_OTHER,EUR,18,11,1000000.0,387490.0,2629000.0,3.0,72.20111111111112
Uniforms / PPE resale,UNKNOWN,SEK,18,11,8250000.0,3050000.0,16750000.0,2.0,68.48444444444445
Translation,UNKNOWN,PLN,18,11,1214231.79,437503.33125,2348750.0,2.0,72.07888888888888
SEO / digital marketing,DIRECT_NONCOMPETITIVE,GBP,17,16,54000.0,40000.0,155318.4,2.0,76.90117647058824
Video production / post-production,COMPETITIVE_OTHER,EUR,17,10,305600.0,228705.0,550000.0,3.0,68.5564705882353
Media / press monitoring,UNKNOWN,EUR,17,12,400000.0,83850.0,690655.735,4.0,69.33294117647058
Event support / production,OPEN_PUBLIC,CAD,17,8,133332.63,55027.5,329701.28,2.0,61.78588235294118
SEO / digital marketing,COMPETITIVE_OTHER,GBP,16,12,65498.0,42225.0,1857408.0,11.5,76.15875
Training / e-learning,UNKNOWN,SEK,16,14,5900000.0,4337500.0,10777500.0,5.0,71.82
Document digitization / OCR / scanning,COMPETITIVE_OTHER,GBP,16,15,750000.0,85000.0,7304905.17,4.0,75.77875
Hardware / AV resale,UNKNOWN,HUF,16,12,17332125.0,1959876.0,134812500.0,2.5,70.86125
Printing / mailing / routing,UNKNOWN,GBP,16,15,440000.0,169000.0,1275000.0,,70.0625
Printing / mailing / routing,COMPETITIVE_OTHER,GBP,16,15,1350032.69,309500.0,1532871.105,5.0,73.2425
Software licences / SaaS resale,UNKNOWN,CAD,16,12,615624.28,230545.10749999998,2835202.57,1.0,76.71125
Video production / post-production,OPEN_PUBLIC,CAD,15,10,182675.0,82443.75,1566436.25,13.0,71.62933333333334
Promotional merchandise,OPEN_PUBLIC,GBP,15,15,438087.175,171500.0,1710500.0,12.0,77.28666666666666
Signage / display production,COMPETITIVE_OTHER,CAD,15,5,506275.36,421443.8925,1408254.81,,59.716
OTHER / OPEN WORLD,UNKNOWN,MAD,15,6,7892939.0,6144114.43,126592820.27,3.0,53.952
Media / press monitoring,OPEN_PUBLIC,CAD,15,11,286424.195,143800.0575,483526.2425,1.0,74.316
Courier / mail fulfilment,UNKNOWN,EUR,15,7,450000.0,376800.0,503068.8,3.0,59.95733333333333
Transcription / captioning,DIRECT_NONCOMPETITIVE,GBP,15,13,128970.0,66666.0,261250.0,1.0,80.012
Website / CMS build or redesign,UNKNOWN,NOK,14,13,4237500.0,1737500.0,6675000.0,3.0,85.49285714285715
Media / press monitoring,COMPETITIVE_OTHER,CAD,14,2,69465.0,59607.5,75391.81,,69.41
Cloud / hosting / managed IT,UNKNOWN,UNKNOWN,14,11,865000.0,283200.0,2673965.3,6.5,59.104285714285716
Document digitization / OCR / scanning,LIMITED_INVITATION,CAD,14,13,50639.884999999995,34333.7,69318.28,1.0,79.96
Transcription / captioning,UNKNOWN,EUR,13,10,253875.0,143312.5,554237.28,12.0,76.46923076923076
Social media / community management,OPEN_PUBLIC,CAD,13,9,711900.0,711900.0,711900.0,,71.93230769230769
Office supplies / consumables resale,DIRECT_NONCOMPETITIVE,EUR,13,2,879889.0,581611.0,1178167.0,2.0,62.112307692307695
Graphic design / layout / DTP,UNKNOWN,GBP,12,11,340000.0,105000.0,2618469.5,,72.145
Video production / post-production,DIRECT_NONCOMPETITIVE,GBP,12,10,72500.0,51473.545,159750.0,2.0,73.85333333333334
Signage / display production,DIRECT_NONCOMPETITIVE,EUR,12,8,600000.0,337126.0,924660.44,,69.465
Media / press monitoring,OPEN_PUBLIC,GBP,12,11,80000.0,45250.0,155500.0,6.0,77.54333333333334
OTHER / OPEN WORLD,UNKNOWN,XOF,12,7,1400000000.0,508015718.75,8001824335.0,7.0,50.64666666666667
Cloud / hosting / managed IT,OPEN_PUBLIC,EUR,12,8,240000.0,169594.0,280000.0,2.0,64.98166666666667
Survey / market research,COMPETITIVE_OTHER,CAD,12,10,108612.5,67918.75,149306.25,,65.4
Translation,COMPETITIVE_OTHER,GBP,11,10,175000.0,60000.0,2672745.0,2.0,77.64
Data entry / clerical processing,OPEN_PUBLIC,CAD,11,11,486518.57,430009.28500000003,543027.855,5.0,72.33272727272727
Office supplies / consumables resale,COMPETITIVE_OTHER,GBP,11,9,360000.0,193600.0,1600000.0,4.0,68.4
Courier / mail fulfilment,UNKNOWN,UNKNOWN,11,8,,,,,56.514545454545456
Training / e-learning,UNKNOWN,PLN,11,9,768292.68,382792.68,1390251.36,2.0,78.94363636363636
Transcription / captioning,UNKNOWN,UNKNOWN,11,8,,,,,67.86363636363636
Cloud / hosting / managed IT,COMPETITIVE_OTHER,GBP,10,10,1875000.0,1205052.0,2475000.0,2.5,65.974
Video production / post-production,UNKNOWN,UNKNOWN,10,10,5750000.0,4875000.0,6625000.0,6.75,67.82
Graphic design / layout / DTP,COMPETITIVE_OTHER,CAD,10,8,132695.9,107307.95,783713.805,,73.384
Data entry / clerical processing,OPEN_PUBLIC,GBP,10,9,1122380.0,407514.75,5915886.337499999,3.0,81.846
Recruitment / temporary staffing,FRAMEWORK_DPS_CALLOFF,EUR,9,8,621637.0,216098.385,14207682.0,13.0,61.4
Call centre / helpdesk operations,UNKNOWN,NOK,9,8,18000000.0,14000000.0,19000000.0,3.0,65.29333333333334
Cloud / hosting / managed IT,OPEN_PUBLIC,GBP,9,9,180000.0,93864.0,2300000.0,17.0,64.76222222222222
Report / publication production,OPEN_PUBLIC,EUR,9,7,90000.0,59000.0,90000.0,6.0,68.11555555555556
Hardware / AV resale,UNKNOWN,MKD,9,7,28069369.0,12000000.0,80000000.0,4.0,71.54888888888888
Document digitization / OCR / scanning,DIRECT_NONCOMPETITIVE,EUR,9,5,1282000.0,495672.02,1282000.0,1.0,75.91777777777777
Social media / community management,COMPETITIVE_OTHER,CAD,9,6,152552.825,115829.23749999999,189276.4125,,67.60666666666667
Video production / post-production,LIMITED_INVITATION,CAD,9,7,74733.75,53502.0,92470.0,2.0,69.81111111111112
Website / CMS build or redesign,UNKNOWN,SEK,9,6,4669960.0,4000000.0,6000000.0,7.0,79.63777777777777
Video production / post-production,COMPETITIVE_OTHER,GBP,9,8,36000.0,19833.0,199624.65,7.0,68.82888888888888
Media / press monitoring,UNKNOWN,NOK,9,9,4800000.0,2000000.0,8400000.0,2.0,80.44444444444444
Graphic design / layout / DTP,UNKNOWN,NOK,9,7,4800000.0,4500000.0,14000000.0,8.0,79.15555555555555
Uniforms / PPE resale,COMPETITIVE_OTHER,CAD,8,4,108576.43,108576.43,108576.43,,62.98
Software licences / SaaS resale,UNKNOWN,PLN,8,6,850000.0,401468.75,1510784.1475,1.0,76.97
Uniforms / PPE resale,UNKNOWN,MKD,8,4,27710750.0,18244753.25,245000000.0,,68.26
OTHER / OPEN WORLD,UNKNOWN,INR,8,3,2641695000.0,2106264531.1125002,5977500000.0,5.0,48.825
Software licences / SaaS resale,LIMITED_INVITATION,CAD,8,7,93894.0,44565.6775,175264.88,1.5,74.9375
Cloud / hosting / managed IT,UNKNOWN,EUR,8,8,3750000.0,283750.0,56189167.1775,5.5,65.0525
Courier / mail fulfilment,UNKNOWN,NOK,8,6,83500000.0,1613831.25,234000000.0,1.0,66.8975
OTHER / OPEN WORLD,UNKNOWN,BRL,8,2,44359531.53,5788349.3,52416102.565,3.0,52.8925
Promotional merchandise,UNKNOWN,UNKNOWN,8,7,,,,,62.1975
OTHER / OPEN WORLD,UNKNOWN,USN,8,7,464769.43,381235.0,968382.09,1.0,50.3225
OTHER / OPEN WORLD,UNKNOWN,TRY,8,2,78473250.0,47088125.0,92195375.0,4.25,50.8925
Call centre / helpdesk operations,UNKNOWN,PLN,8,5,3394637.72,514892.0475,9075027.9,1.0,66.3825
Document digitization / OCR / scanning,COMPETITIVE_OTHER,CAD,8,6,190750.0,169955.0,10727471.44,,67.0575
Promotional merchandise,COMPETITIVE_OTHER,EUR,8,8,1658500.0,854250.0,2462750.0,14.0,62.4375
Office supplies / consumables resale,UNKNOWN,SEK,8,7,6012500.0,2530750.0,13321250.0,1.0,71.9925
SEO / digital marketing,UNKNOWN,GBP,7,7,67000.0,30000.0,2570500.0,3.0,69.73142857142857
Data entry / clerical processing,UNKNOWN,GBP,7,7,1440000.0,879500.0,1470000.0,,69.68
Promotional merchandise,DIRECT_NONCOMPETITIVE,CAD,7,7,67921.48,34866.58,74241.175,1.0,72.8
Hardware / AV resale,LIMITED_INVITATION,CAD,7,7,43245.0,33723.94,65428.5,2.0,67.22857142857143
Uniforms / PPE resale,UNKNOWN,PLN,7,5,1632820.04,611894.025,13529653.84,1.0,69.7
Printing / mailing / routing,COMPETITIVE_OTHER,CAD,7,6,,,,,67.04
OTHER / OPEN WORLD,UNKNOWN,TND,7,7,12000000.0,380372.0375,67221343.9325,2.0,54.27428571428572
Video production / post-production,UNKNOWN,NOK,7,6,12000000.0,8000000.0,22500000.0,12.0,76.50857142857143
Document digitization / OCR / scanning,FRAMEWORK_DPS_CALLOFF,EUR,7,3,300317.0,298145.28,689725.575,,74.34
Promotional merchandise,LIMITED_INVITATION,CAD,7,4,24657.0,12886.34,65949.76000000001,3.0,67.18571428571428
Social media / community management,DIRECT_NONCOMPETITIVE,EUR,7,4,11815865.7,6048128.85,17583602.549999997,1.0,74.46571428571428
Uniforms / PPE resale,UNKNOWN,DKK,6,3,26936332.5,14193166.25,37000000.0,2.0,71.52666666666667
Signage / display production,UNKNOWN,NOK,6,6,5750000.0,4250000.0,8375000.0,2.0,78.54333333333334
Data entry / clerical processing,DIRECT_NONCOMPETITIVE,CAD,6,6,55942.05,35888.25,190897.635,1.0,75.34
Data entry / clerical processing,COMPETITIVE_OTHER,CAD,6,5,74461.35,72707.025,76215.675,,71.28
Data entry / clerical processing,OPEN_PUBLIC,EUR,6,6,134000.0,104500.0,163500.0,2.0,71.10666666666667
Social media / community management,FRAMEWORK_DPS_CALLOFF,EUR,6,1,405039.0,116996.25,714900.0,,77.54
Office supplies / consumables resale,UNKNOWN,DKK,6,5,6090850.0,4948664.0,43835250.0,2.0,70.86666666666666
Media / press monitoring,COMPETITIVE_OTHER,EUR,6,5,50000.0,25000.05,51800.0,4.0,63.983333333333334
Promotional merchandise,UNKNOWN,EUR,6,6,900000.0,151050.0,2400000.0,,65.3
Printing / mailing / routing,DIRECT_NONCOMPETITIVE,EUR,6,6,283215.5,216128.6475,565000.0,,76.79
Media / press monitoring,LIMITED_INVITATION,CAD,6,6,58291.840000000004,38224.95,75955.70749999999,2.5,71.81333333333333
Document digitization / OCR / scanning,UNKNOWN,CAD,6,4,176256.675,153208.4925,304353.2025,2.5,82.47666666666667
SEO / digital marketing,DIRECT_NONCOMPETITIVE,CAD,6,4,75000.0,50000.0,100000.0,1.0,81.82
Signage / display production,UNKNOWN,DKK,6,4,1970688.5,1800000.0,3186594.25,3.0,74.91
Courier / mail fulfilment,FRAMEWORK_DPS_CALLOFF,GBP,5,4,255352.0,255352.0,1978430.0,,62.076
Event support / production,DIRECT_NONCOMPETITIVE,EUR,5,5,26400.5,0.7525,358350.0,1.0,64.38
Website support / accessibility / hosting,LIMITED_INVITATION,CAD,5,5,59250.0,41400.0,66708.5,2.0,81.44
Event support / production,FRAMEWORK_DPS_CALLOFF,EUR,5,1,6000000.0,140000.0,9400000.0,11.0,63.08
Training / e-learning,LIMITED_INVITATION,CAD,5,5,37725.0,23123.23,46847.5,1.0,72.84
OTHER / OPEN WORLD,UNKNOWN,JPY,5,3,260000000.0,94000000.0,329000000.0,,51.38
Video production / post-production,DIRECT_NONCOMPETITIVE,EUR,5,1,,,,1.0,70.488
Promotional merchandise,DIRECT_NONCOMPETITIVE,GBP,5,5,400000.0,350000.0,658500.0,4.0,79.96
Software licences / SaaS resale,UNKNOWN,SEK,5,5,68000000.0,60000000.0,92000000.0,2.5,72.94
Software licences / SaaS resale,UNKNOWN,RON,5,5,4800000.0,2020499.7,15914986.93,1.0,78.764
Report / publication production,OPEN_PUBLIC,GBP,5,4,32192.5,30000.0,1940788.75,,74.496
Transcription / captioning,FRAMEWORK_DPS_CALLOFF,EUR,5,3,150000.0,100000.0,275000.0,,80.36
Call centre / helpdesk operations,DIRECT_NONCOMPETITIVE,CAD,5,4,50959.0,39669.5,60973.705,1.0,59.36
Report / publication production,DIRECT_NONCOMPETITIVE,CAD,5,3,90897.6,82948.8,103171.8,1.0,64.94
Promotional merchandise,COMPETITIVE_OTHER,CAD,5,1,194083.15,167892.575,218805.85499999998,,71.4
Call centre / helpdesk operations,UNKNOWN,HUF,4,3,83636980.0,70044600.0,165228120.0,3.0,69.76
Social media / community management,UNKNOWN,SEK,4,3,11689500.0,2584250.0,20000000.0,3.5,81.8
Office supplies / consumables resale,LIMITED_INVITATION,CAD,4,3,43075.61,32776.505,54305.355,2.0,68.71
OTHER / OPEN WORLD,UNKNOWN,ILS,4,2,12770000.0,2790000.0,23875000.0,,49.91
Media / press monitoring,UNKNOWN,GBP,4,4,54949.575,38408.0,74963.3625,,71.9
Signage / display production,FRAMEWORK_DPS_CALLOFF,GBP,4,3,701865.0,701865.0,701865.0,,68.08
Call centre / helpdesk operations,FRAMEWORK_DPS_CALLOFF,GBP,4,4,9000000.0,4706538.82,76300000.0,,62.67
OTHER / OPEN WORLD,UNKNOWN,THB,4,2,24650000.0,8085000.0,64775000.0,1.0,54.305
Software licences / SaaS resale,UNKNOWN,DKK,4,3,39803676.0,34663027.0,161911617.75,1.0,83.005
OTHER / OPEN WORLD,OPEN_PUBLIC,USD,4,4,889035.0,21502.5,2010000.0,2.0,52.41
Transcription / captioning,COMPETITIVE_OTHER,GBP,4,4,91949.5,65110.5,175000.0,59.0,75.725
Report / publication production,UNKNOWN,EUR,4,4,4100.0,4100.0,4100.0,,62.37
Promotional merchandise,OPEN_PUBLIC,CAD,4,2,186098.54,142034.445,1218049.27,,75.48
Event support / production,COMPETITIVE_OTHER,CAD,4,4,103476.36,77988.18,162260.445,,65.455
OTHER / OPEN WORLD,UNKNOWN,KRW,4,3,385000000.0,304500000.0,440000000.0,1.0,53.855
Cloud / hosting / managed IT,OPEN_PUBLIC,CAD,4,4,42711.0,42711.0,42711.0,,59.775
Data entry / clerical processing,DIRECT_NONCOMPETITIVE,GBP,4,4,102504.065,60000.0,925412.0975,1.0,79.015
Call centre / helpdesk operations,UNKNOWN,CZK,4,3,5736000.0,5163650.0,136400622.25,1.0,67.785
SEO / digital marketing,OPEN_PUBLIC,CAD,4,4,475530.0,475530.0,475530.0,5.0,73.77
Promotional merchandise,UNKNOWN,NOK,4,4,4000000.0,3750000.0,4500000.0,6.0,78.865
Training / e-learning,FRAMEWORK_DPS_CALLOFF,GBP,4,4,720000.0,510000.0,3760000.0,,71.02
Transcription / captioning,LIMITED_INVITATION,CAD,4,4,60594.0,45000.0,73439.75,1.5,80.575
Report / publication production,COMPETITIVE_OTHER,GBP,4,4,300000.0,156250.0,600150000.0,20.0,72.165
OTHER / OPEN WORLD,UNKNOWN,TZS,3,3,900000000.0,561291600.0,15265000000.0,3.0,54.81333333333333
OTHER / OPEN WORLD,UNKNOWN,MGA,3,3,26646187669.01,14697336427.105,39422913680.525,3.0,57.913333333333334
Software licences / SaaS resale,FRAMEWORK_DPS_CALLOFF,GBP,3,3,98592.0,89927.34,11136210.5,,74.76
Graphic design / layout / DTP,DIRECT_NONCOMPETITIVE,EUR,3,0,,,,,67.98
Promotional merchandise,COMPETITIVE_OTHER,GBP,3,3,140000.0,115000.0,270000.0,2.5,76.82666666666667
Video production / post-production,UNKNOWN,GBP,3,3,1025000.0,537500.0,1512500.0,,69.72
Document digitization / OCR / scanning,UNKNOWN,PLN,3,3,2322500.0,1624551.625,8661250.0,1.0,83.18
OTHER / OPEN WORLD,UNKNOWN,MXN,3,2,82400000.0,43400000.0,82600000.0,,52.28
Signage / display production,UNKNOWN,CAD,3,2,57663.41,28875.68,68906.33,2.0,65.73333333333333
Survey / market research,UNKNOWN,CAD,3,3,142840.34,117266.45,170520.485,3.0,73.1
OTHER / OPEN WORLD,UNKNOWN,DZD,3,2,500000000.0,262500000.0,547000000.0,1.0,55.28
Transcription / captioning,UNKNOWN,NOK,3,3,3000000.0,1500000.0,21500000.0,4.0,78.38666666666667
Uniforms / PPE resale,FRAMEWORK_DPS_CALLOFF,GBP,3,3,2400000.0,1477500.0,2700000.0,,65.7
OTHER / OPEN WORLD,UNKNOWN,FJD,3,1,3250000.0,3250000.0,22875000.0,3.0,55.71333333333333
OTHER / OPEN WORLD,OPEN_PUBLIC,UZS,3,1,1104169881.73,552103290.865,1104169881.73,,53.12
Software licences / SaaS resale,UNKNOWN,CZK,3,2,4400000.0,4400000.0,12200000.0,1.0,73.08
OTHER / OPEN WORLD,UNKNOWN,XAF,3,3,4031000000.0,4031000000.0,5085293149.5,11.0,50.68
Social media / community management,UNKNOWN,PLN,3,3,3200000.0,1875000.0,3226016.26,3.0,83.52666666666667
Media / press monitoring,UNKNOWN,SEK,3,2,8000000.0,6250000.0,8000000.0,,78.32
Transcription / captioning,COMPETITIVE_OTHER,CAD,3,1,192000.0,192000.0,192000.0,,72.24
Website support / accessibility / hosting,FRAMEWORK_DPS_CALLOFF,GBP,3,3,44065.0,44065.0,44065.0,,71.88
Office supplies / consumables resale,FRAMEWORK_DPS_CALLOFF,GBP,3,3,700000.0,550000.0,850000.0,,62.72
OTHER / OPEN WORLD,UNKNOWN,ZAR,3,3,25100000.0,13447671.0,93772500.0,1.0,57.82
Signage / display production,UNKNOWN,CHF,3,1,793045.0,747175.39,961842.9,5.0,74.76666666666667
Media / press monitoring,UNKNOWN,CAD,3,3,287395.99,287395.99,316332.95999999996,3.0,75.48
OTHER / OPEN WORLD,UNKNOWN,ALL,3,3,160219926.71,157596896.35500002,160219926.71,,48.38
Social media / community management,LIMITED_INVITATION,CAD,3,3,38000.0,35031.76,69740.0,1.0,73.77333333333333
OTHER / OPEN WORLD,UNKNOWN,BAM,3,2,1800000.0,1190000.0,5320000.0,2.0,52.093333333333334
OTHER / OPEN WORLD,UNKNOWN,AMD,3,3,42000000.0,21031166.665,295000000.0,3.5,51.12
Training / e-learning,UNKNOWN,CZK,3,3,5785000.0,5542100.0,15392500.0,5.5,74.24666666666667
OTHER / OPEN WORLD,UNKNOWN,CNY,3,3,12390000.0,6574132.545,36714890.345,1.0,56.78666666666667
Courier / mail fulfilment,FRAMEWORK_DPS_CALLOFF,EUR,3,2,600000.0,350000.0,40300000.0,4.0,61.42666666666667
Graphic design / layout / DTP,DIRECT_NONCOMPETITIVE,GBP,3,2,22700.0,22700.0,22700.0,,71.32
Uniforms / PPE resale,UNKNOWN,ISK,2,1,0.0,0.0,0.0,9.0,50.18
Translation,FRAMEWORK_DPS_CALLOFF,GBP,2,2,573099.0,489999.5,656198.5,,80.78
Report / publication production,COMPETITIVE_OTHER,EUR,2,2,101931.25,63521.875,140340.625,4.0,75.88
Training / e-learning,UNKNOWN,BGN,2,1,72953.0,52601.5,93304.5,1.0,70.9
OTHER / OPEN WORLD,OPEN_PUBLIC,ZAR,2,2,70500.0,55750.0,85250.0,,45.65
Survey / market research,FRAMEWORK_DPS_CALLOFF,EUR,2,2,4000000.0,4000000.0,4000000.0,9.0,77.96
OTHER / OPEN WORLD,UNKNOWN,PHP,2,2,54150000.0,33825000.0,74475000.0,1.0,55.43
Courier / mail fulfilment,DIRECT_NONCOMPETITIVE,CAD,2,2,72766.19,72766.19,72766.19,1.0,60.8
Data entry / clerical processing,UNKNOWN,UNKNOWN,2,2,219575.0,219575.0,219575.0,,73.76
Social media / community management,UNKNOWN,NOK,2,2,450000.5,225000.75,675000.25,4.0,73.89
Uniforms / PPE resale,UNKNOWN,CZK,2,1,669000.0,628500.0,709500.0,2.0,72.68
Website support / accessibility / hosting,UNKNOWN,DKK,2,2,11587736.0,10382604.0,12792868.0,3.5,86.66
Document digitization / OCR / scanning,UNKNOWN,MKD,2,2,10100000.0,10050000.0,10150000.0,,76.11
Website support / accessibility / hosting,FRAMEWORK_DPS_CALLOFF,EUR,2,2,1005400.0,508100.0,1502700.0,,75.47
OTHER / OPEN WORLD,OPEN_PUBLIC,AFN,2,2,75000.0,37500.0,112500.0,,51.2
Promotional merchandise,UNKNOWN,GBP,2,2,,,,,66.36
Software licences / SaaS resale,UNKNOWN,MKD,2,2,824545490.5,426818235.75,1222272745.25,3.0,81.53
Hardware / AV resale,UNKNOWN,CHF,2,2,953553.0,680329.5,1226776.5,3.0,72.48
Transcription / captioning,UNKNOWN,RON,2,1,1231500.0,653334.0,1809666.0,3.0,80.84
Website / CMS build or redesign,UNKNOWN,CZK,2,2,22528925.0,11573387.5,33484462.5,3.5,86.09
SEO / digital marketing,UNKNOWN,NOK,2,2,3160000.0,2540000.0,3780000.0,10.0,81.56
Media / press monitoring,COMPETITIVE_OTHER,GBP,2,2,50034.0,43851.0,56217.0,,71.84
Recruitment / temporary staffing,UNKNOWN,DKK,2,1,4000000.0,4000000.0,4000000.0,,65.18
Uniforms / PPE resale,FRAMEWORK_DPS_CALLOFF,EUR,2,2,2000000.0,1000000.0,3000000.0,15.5,56.77
Uniforms / PPE resale,UNKNOWN,CAD,2,2,382377.56999999995,341956.94499999995,422798.195,3.0,70.28
Report / publication production,UNKNOWN,GBP,2,2,,,,,66.36
Event support / production,LIMITED_INVITATION,CAD,2,2,31772.5,29533.75,34011.25,2.0,63.3
Recruitment / temporary staffing,LIMITED_INVITATION,CAD,2,2,58550.0,50525.0,66575.0,1.5,62.95
SEO / digital marketing,LIMITED_INVITATION,CAD,2,1,63745.0,55497.5,71992.5,1.5,80.22
Data entry / clerical processing,COMPETITIVE_OTHER,GBP,2,2,325022500.0,162533750.0,487511250.0,2.0,78.25
OTHER / OPEN WORLD,UNKNOWN,VND,2,1,26445000000.0,17317500000.0,35572500000.0,,53.63
Training / e-learning,UNKNOWN,ISK,2,2,109875000.0,64012500.0,155737500.0,3.0,78.66
Call centre / helpdesk operations,UNKNOWN,DKK,2,2,6185794.04,3842897.02,8528691.06,2.5,73.57
Software licences / SaaS resale,FRAMEWORK_DPS_CALLOFF,EUR,2,2,15000000.0,15000000.0,15000000.0,,73.44
Website / CMS build or redesign,FRAMEWORK_DPS_CALLOFF,GBP,2,2,48500.0,48500.0,48500.0,,74.6
Cloud / hosting / managed IT,DIRECT_NONCOMPETITIVE,CAD,2,2,235411.9,133794.255,337029.54500000004,1.0,69.8
Website support / accessibility / hosting,UNKNOWN,MKD,1,1,18000000.0,18000000.0,18000000.0,,79.76
Event support / production,UNKNOWN,NOK,1,1,1300000.0,1300000.0,1300000.0,2.0,68.6
Hardware / AV resale,UNKNOWN,UAH,1,1,30011480.0,30011480.0,30011480.0,,69.28
OTHER / OPEN WORLD,UNKNOWN,CVE,1,1,351000000.0,351000000.0,351000000.0,,52.28
OTHER / OPEN WORLD,UNKNOWN,HTG,1,1,0.0,0.0,0.0,,45.2
OTHER / OPEN WORLD,UNKNOWN,TWD,1,1,9000000.0,9000000.0,9000000.0,,52.28
Courier / mail fulfilment,DIRECT_NONCOMPETITIVE,EUR,1,1,,,,,53.9
OTHER / OPEN WORLD,OPEN_PUBLIC,ETB,1,1,150000.0,150000.0,150000.0,,52.4
Survey / market research,UNKNOWN,NOK,1,1,10000000.0,10000000.0,10000000.0,9.0,78.66
OTHER / OPEN WORLD,OPEN_PUBLIC,JOD,1,1,215000.0,215000.0,215000.0,,55.1
Report / publication production,OPEN_PUBLIC,CAD,1,1,453891.5,453891.5,453891.5,,77.76
Report / publication production,DIRECT_NONCOMPETITIVE,GBP,1,1,23040.0,23040.0,23040.0,,73.16
Call centre / helpdesk operations,UNKNOWN,SEK,1,1,42000000.0,42000000.0,42000000.0,2.0,69.76
Office supplies / consumables resale,UNKNOWN,MKD,1,1,23200000.0,23200000.0,23200000.0,,67.6
Website support / accessibility / hosting,UNKNOWN,CHF,1,1,1500000.0,1500000.0,1500000.0,,71.18
Training / e-learning,FRAMEWORK_DPS_CALLOFF,EUR,1,1,1361789.0,1361789.0,1361789.0,,76.0
Transcription / captioning,UNKNOWN,CAD,1,1,98303.63,98303.63,98303.63,1.0,81.5
OTHER / OPEN WORLD,DIRECT_NONCOMPETITIVE,AUD,1,1,1.0,1.0,1.0,1.0,44.5
Translation,UNKNOWN,CAD,1,1,868969.55,868969.55,868969.55,2.0,86.88
Training / e-learning,COMPETITIVE_OTHER,HTG,1,1,0.0,0.0,0.0,,62.2
Data entry / clerical processing,COMPETITIVE_OTHER,EUR,1,1,0.01,0.01,0.01,,63.68
Survey / market research,UNKNOWN,SEK,1,1,30000000.0,30000000.0,30000000.0,,76.36
Call centre / helpdesk operations,UNKNOWN,RON,1,1,3800000.0,3800000.0,3800000.0,,64.86
OTHER / OPEN WORLD,UNKNOWN,KES,1,1,96000000.0,96000000.0,96000000.0,,54.98
OTHER / OPEN WORLD,UNKNOWN,IDR,1,1,133500000000.0,133500000000.0,133500000000.0,,52.28
OTHER / OPEN WORLD,DIRECT_NONCOMPETITIVE,USD,1,1,582900.0,582900.0,582900.0,1.0,60.1
Uniforms / PPE resale,DIRECT_NONCOMPETITIVE,EUR,1,1,2951716.5,2951716.5,2951716.5,1.0,76.56
OTHER / OPEN WORLD,UNKNOWN,CRC,1,1,1449000000.0,1449000000.0,1449000000.0,,52.28
Hardware / AV resale,UNKNOWN,ISK,1,1,74596141.0,74596141.0,74596141.0,1.0,83.68
OTHER / OPEN WORLD,UNKNOWN,COP,1,1,1750000000.0,1750000000.0,1750000000.0,,59.48
Video production / post-production,UNKNOWN,DKK,1,1,12000000.0,12000000.0,12000000.0,,76.96
Survey / market research,DIRECT_NONCOMPETITIVE,EUR,1,0,,,,,58.98
Software licences / SaaS resale,UNKNOWN,CHF,1,1,5000000.0,5000000.0,5000000.0,,79.08
Website / CMS build or redesign,UNKNOWN,RON,1,1,3304495.0,3304495.0,3304495.0,1.0,87.08
OTHER / OPEN WORLD,UNKNOWN,SAR,1,1,3800000.0,3800000.0,3800000.0,,54.98
Cloud / hosting / managed IT,FRAMEWORK_DPS_CALLOFF,GBP,1,1,3500000.0,3500000.0,3500000.0,,68.88
Hardware / AV resale,UNKNOWN,USD,1,1,50000000.0,50000000.0,50000000.0,,77.38
OTHER / OPEN WORLD,COMPETITIVE_OTHER,SEK,1,1,16400000.0,16400000.0,16400000.0,,52.28
Software licences / SaaS resale,UNKNOWN,USD,1,1,3400000.0,3400000.0,3400000.0,,79.08
Office supplies / consumables resale,OPEN_PUBLIC,KZT,1,1,34800.0,34800.0,34800.0,,64.12
OTHER / OPEN WORLD,OPEN_PUBLIC,PKR,1,1,55350000.0,55350000.0,55350000.0,,50.78
OTHER / OPEN WORLD,UNKNOWN,PEN,1,1,17030000.0,17030000.0,17030000.0,,52.28
Video production / post-production,FRAMEWORK_DPS_CALLOFF,EUR,1,1,50000.0,50000.0,50000.0,,70.48
SEO / digital marketing,UNKNOWN,MKD,1,1,10000000.0,10000000.0,10000000.0,,81.1
Document digitization / OCR / scanning,UNKNOWN,DKK,1,1,3354450.0,3354450.0,3354450.0,4.0,84.74
Document digitization / OCR / scanning,UNKNOWN,USD,1,1,1030000.0,1030000.0,1030000.0,,80.76
OTHER / OPEN WORLD,UNKNOWN,LKR,1,1,6978577053.05,6978577053.05,6978577053.05,7.0,61.78
SEO / digital marketing,UNKNOWN,CZK,1,1,1.0,1.0,1.0,3.0,59.12
Software licences / SaaS resale,UNKNOWN,HUF,1,1,138320000000.0,138320000000.0,138320000000.0,,70.98
Hardware / AV resale,UNKNOWN,BGN,1,1,15645.0,15645.0,15645.0,1.0,62.5
Event support / production,UNKNOWN,PLN,1,1,808703.2,808703.2,808703.2,,70.9
Graphic design / layout / DTP,UNKNOWN,CAD,1,1,48750.0,48750.0,48750.0,1.0,74.86
OTHER / OPEN WORLD,COMPETITIVE_OTHER,USD,1,1,5000000.0,5000000.0,5000000.0,,46.88
OTHER / OPEN WORLD,UNKNOWN,GEL,1,1,6470000.0,6470000.0,6470000.0,,52.28
Website / CMS build or redesign,UNKNOWN,DKK,1,1,1522500.16,1522500.16,1522500.16,1.0,78.5
OTHER / OPEN WORLD,OPEN_PUBLIC,HUF,1,1,160000.0,160000.0,160000.0,,55.1
Video production / post-production,UNKNOWN,SEK,1,1,1595350.0,1595350.0,1595350.0,18.0,74.38
OTHER / OPEN WORLD,UNKNOWN,AUD,1,1,27.41,27.41,27.41,1.0,42.5
OTHER / OPEN WORLD,UNKNOWN,LSL,1,1,56700000.0,56700000.0,56700000.0,,52.28
OTHER / OPEN WORLD,UNKNOWN,NPR,1,1,351000000.0,351000000.0,351000000.0,,52.28
Office supplies / consumables resale,UNKNOWN,MDL,1,1,3098288.6,3098288.6,3098288.6,,67.6
Website / CMS build or redesign,UNKNOWN,CHF,1,1,280020.0,280020.0,280020.0,12.0,67.7
Graphic design / layout / DTP,FRAMEWORK_DPS_CALLOFF,GBP,1,1,,,,,71.86
Video production / post-production,FRAMEWORK_DPS_CALLOFF,GBP,1,1,15000000.0,15000000.0,15000000.0,,76.96
Video production / post-production,COMPETITIVE_OTHER,CAD,1,1,,,,,65.68
Cloud / hosting / managed IT,FRAMEWORK_DPS_CALLOFF,EUR,1,1,5000000.0,5000000.0,5000000.0,,68.88
OTHER / OPEN WORLD,OPEN_PUBLIC,RSD,1,1,25000.0,25000.0,25000.0,,48.8
Call centre / helpdesk operations,FRAMEWORK_DPS_CALLOFF,EUR,1,1,14000000.0,14000000.0,14000000.0,,72.96
Hardware / AV resale,UNKNOWN,INR,1,1,8910000.0,8910000.0,8910000.0,18.0,76.18
Translation,UNKNOWN,CHF,1,1,3089244.0,3089244.0,3089244.0,4.0,85.96
Website / CMS build or redesign,UNKNOWN,USD,1,1,14000.0,14000.0,14000.0,,72.2
OTHER / OPEN WORLD,UNKNOWN,BDT,1,1,1.0,1.0,1.0,,36.2
OTHER / OPEN WORLD,UNKNOWN,SGD,1,1,400000.0,400000.0,400000.0,,49.4
Document digitization / OCR / scanning,UNKNOWN,SEK,1,1,2400000.0,2400000.0,2400000.0,3.0,82.54
Hardware / AV resale,UNKNOWN,RSD,1,1,464564357.35,464564357.35,464564357.35,5.0,67.38
OTHER / OPEN WORLD,UNKNOWN,BOB,1,1,19950000.0,19950000.0,19950000.0,,52.28
SEO / digital marketing,UNKNOWN,SEK,1,1,20000000.0,20000000.0,20000000.0,16.0,79.0
OTHER / OPEN WORLD,OPEN_PUBLIC,NGN,1,1,43720.0,43720.0,43720.0,,48.8
OTHER / OPEN WORLD,UNKNOWN,PYG,1,1,20880000000.0,20880000000.0,20880000000.0,,52.28
Cloud / hosting / managed IT,DIRECT_NONCOMPETITIVE,EUR,1,1,126.29,126.29,126.29,,54.8
Call centre / helpdesk operations,UNKNOWN,MKD,1,1,38000000.0,38000000.0,38000000.0,2.0,76.42
Recruitment / temporary staffing,UNKNOWN,PLN,1,1,7458310.0,7458310.0,7458310.0,,65.18
Training / e-learning,UNKNOWN,DKK,1,1,10000000.0,10000000.0,10000000.0,,76.48
OTHER / OPEN WORLD,DIRECT_NONCOMPETITIVE,USN,1,1,333366.0,333366.0,333366.0,1.0,65.8
Hardware / AV resale,UNKNOWN,CAD,1,1,162847.41,162847.41,162847.41,1.0,70.9
Event support / production,UNKNOWN,DKK,1,1,7500000.0,7500000.0,7500000.0,5.0,67.68
OTHER / OPEN WORLD,UNKNOWN,AFN,1,1,222222.0,222222.0,222222.0,,49.4
Cloud / hosting / managed IT,COMPETITIVE_OTHER,CAD,1,1,,,,,49.5
Office supplies / consumables resale,COMPETITIVE_OTHER,CAD,1,1,,,,,68.02
OTHER / OPEN WORLD,UNKNOWN,GTQ,1,1,37390000.0,37390000.0,37390000.0,3.0,57.18
Printing / mailing / routing,FRAMEWORK_DPS_CALLOFF,GBP,1,1,15000000.0,15000000.0,15000000.0,,78.32
OTHER / OPEN WORLD,UNKNOWN,NAD,1,1,102500000.0,102500000.0,102500000.0,,52.28
Recruitment / temporary staffing,OPEN_PUBLIC,THB,1,1,800000.0,800000.0,800000.0,,67.7
OTHER / OPEN WORLD,OPEN_PUBLIC,KES,1,1,100000.0,100000.0,100000.0,,52.4
Social media / community management,FRAMEWORK_DPS_CALLOFF,GBP,1,1,6761250.0,6761250.0,6761250.0,,77.72
OTHER / OPEN WORLD,OPEN_PUBLIC,GIP,1,1,240000.0,240000.0,240000.0,,55.1
OTHER / OPEN WORLD,OPEN_PUBLIC,BHD,1,1,161818.0,161818.0,161818.0,,59.06
Signage / display production,FRAMEWORK_DPS_CALLOFF,EUR,1,1,4500.0,4500.0,4500.0,,59.86
SEO / digital marketing,DIRECT_NONCOMPETITIVE,EUR,1,1,,,,1.0,78.12
Cloud / hosting / managed IT,COMPETITIVE_OTHER,EUR,1,1,,,,,57.6
OTHER / OPEN WORLD,UNKNOWN,MMK,1,1,376000000.0,376000000.0,376000000.0,2.0,57.18
Office supplies / consumables resale,UNKNOWN,HUF,1,1,14895180.0,14895180.0,14895180.0,9.0,69.0
